user_id,plan_tier,mrr,seats,completed_step2,churned_within_90d,first_payment_date
1,Free,0.0,1,True,True,2025-11-20
2,Free,0.0,1,True,False,2025-08-10
3,Free,0.0,1,True,False,2025-08-17
4,Pro,79.0,5,True,True,2025-11-07
5,Starter,29.0,1,False,True,2025-07-14
6,Free,0.0,1,True,True,2025-09-29
7,Pro,79.0,2,True,False,2025-10-14
8,Pro,79.0,7,True,False,2025-03-24
9,Free,0.0,1,True,False,2025-01-31
10,Enterprise,2593.5,65,True,False,2025-04-22
11,Free,0.0,1,True,True,2025-04-07
12,Starter,29.0,1,True,False,2025-10-19
13,Free,0.0,1,False,False,2025-11-05
14,Free,0.0,1,True,True,2025-01-07
15,Free,0.0,1,True,False,2025-06-25
16,Starter,29.0,1,False,False,2025-10-10
17,Free,0.0,1,True,False,2025-02-22
18,Starter,29.0,1,True,True,2025-10-06
19,Enterprise,1077.3000000000002,27,False,False,2025-02-09
20,Free,0.0,1,True,False,2025-06-19
21,Free,0.0,1,False,False,2025-10-12
22,Starter,29.0,1,False,False,2025-04-20
23,Free,0.0,1,False,True,2025-05-04
24,Free,0.0,1,False,False,2025-04-14
25,Starter,29.0,1,True,False,2025-09-05
26,Starter,29.0,1,True,False,2025-04-08
27,Pro,79.0,6,True,False,2025-11-30
28,Enterprise,1197.0,30,False,False,2025-06-11
29,Pro,79.0,4,True,False,2025-06-14
30,Free,0.0,1,True,False,2025-06-20
31,Pro,79.0,7,True,False,2025-07-18
32,Starter,29.0,1,True,False,2025-07-12
33,Free,0.0,1,False,True,2025-06-26
34,Enterprise,1077.3000000000002,27,True,False,2025-12-05
35,Free,0.0,1,True,False,2025-10-10
36,Starter,29.0,1,True,False,2025-09-24
37,Starter,29.0,1,True,False,2025-08-25
38,Pro,79.0,7,True,False,2025-07-31
39,Starter,29.0,1,True,False,2025-04-26
40,Enterprise,2114.7,53,False,False,2025-12-08
41,Free,0.0,1,True,False,2025-06-15
42,Free,0.0,1,True,False,2025-03-13
43,Free,0.0,1,False,False,2025-10-22
44,Starter,29.0,1,False,True,2025-03-05
45,Free,0.0,1,False,True,2025-10-24
46,Free,0.0,1,False,False,2025-07-25
47,Free,0.0,1,False,False,2025-02-19
48,Starter,29.0,1,True,False,2025-01-25
49,Free,0.0,1,False,False,2025-06-02
50,Pro,79.0,7,True,False,2025-01-16
51,Free,0.0,1,True,False,2025-03-01
52,Pro,79.0,5,True,True,2025-06-25
53,Pro,79.0,6,False,False,2025-11-28
54,Free,0.0,1,False,False,2025-06-17
55,Free,0.0,1,False,False,2025-10-09
56,Free,0.0,1,False,False,2025-11-03
57,Free,0.0,1,True,False,2025-10-04
58,Free,0.0,1,True,True,2025-08-08
59,Free,0.0,1,True,False,2025-05-28
60,Free,0.0,1,False,False,2025-07-02
61,Free,0.0,1,False,False,2025-04-05
62,Free,0.0,1,True,True,2025-06-25
63,Pro,79.0,6,False,False,2025-05-14
64,Starter,29.0,1,True,False,2025-04-04
65,Free,0.0,1,False,False,2025-12-05
66,Free,0.0,1,True,False,2025-01-11
67,Free,0.0,1,True,False,2025-02-03
68,Free,0.0,1,False,False,2025-03-18
69,Free,0.0,1,True,False,2025-11-21
70,Free,0.0,1,True,False,2025-08-31
71,Free,0.0,1,False,True,2025-10-27
72,Starter,29.0,1,True,False,2025-03-17
73,Free,0.0,1,False,False,2025-09-01
74,Starter,29.0,1,True,False,2025-05-08
75,Free,0.0,1,False,False,2025-06-25
76,Starter,29.0,1,False,False,2025-01-09
77,Free,0.0,1,True,False,2025-08-07
78,Free,0.0,1,False,False,2025-10-06
79,Free,0.0,1,False,True,2025-08-17
80,Free,0.0,1,True,False,2025-02-28
81,Pro,79.0,9,True,False,2025-07-07
82,Free,0.0,1,False,False,2025-04-08
83,Free,0.0,1,False,True,2025-11-20
84,Free,0.0,1,False,False,2025-10-23
85,Pro,79.0,2,False,False,2025-03-15
86,Pro,79.0,4,True,False,2025-06-20
87,Starter,29.0,1,False,False,2025-11-23
88,Free,0.0,1,False,True,2025-10-10
89,Starter,29.0,1,False,False,2025-08-30
90,Pro,79.0,2,True,True,2025-08-02
91,Free,0.0,1,False,False,2025-01-17
92,Starter,29.0,1,False,True,2025-09-15
93,Starter,29.0,1,False,True,2025-06-09
94,Free,0.0,1,False,False,2025-02-07
95,Free,0.0,1,False,False,2025-04-01
96,Starter,29.0,1,True,False,2025-07-04
97,Free,0.0,1,False,False,2025-09-09
98,Free,0.0,1,True,False,2025-06-28
99,Starter,29.0,1,True,False,2025-08-06
100,Enterprise,558.5999999999999,14,False,False,2025-10-29
101,Free,0.0,1,True,False,2025-08-28
102,Free,0.0,1,False,True,2025-05-11
103,Starter,29.0,1,True,True,2025-08-15
104,Enterprise,598.5,15,False,False,2025-07-23
105,Free,0.0,1,False,False,2025-02-09
106,Starter,29.0,1,True,False,2025-01-25
107,Free,0.0,1,False,True,2025-08-21
108,Starter,29.0,1,False,False,2025-05-13
109,Free,0.0,1,False,False,2025-07-30
110,Starter,29.0,1,True,False,2025-04-21
111,Free,0.0,1,False,False,2025-03-21
112,Starter,29.0,1,False,False,2025-02-24
113,Free,0.0,1,False,False,2025-05-18
114,Free,0.0,1,True,False,2025-10-12
115,Free,0.0,1,False,False,2025-05-26
116,Free,0.0,1,False,False,2025-05-10
117,Free,0.0,1,False,True,2025-07-14
118,Free,0.0,1,False,False,2025-11-28
119,Starter,29.0,1,False,True,2025-05-22
120,Free,0.0,1,False,False,2025-07-19
121,Pro,79.0,6,False,False,2025-06-05
122,Free,0.0,1,True,False,2025-08-04
123,Starter,29.0,1,True,False,2025-06-07
124,Starter,29.0,1,True,False,2025-08-13
125,Pro,79.0,7,False,False,2025-07-14
126,Starter,29.0,1,True,False,2025-08-27
127,Free,0.0,1,True,False,2025-11-23
128,Free,0.0,1,True,False,2025-03-04
129,Free,0.0,1,True,False,2025-07-20
130,Starter,29.0,1,True,False,2025-05-30
131,Free,0.0,1,False,True,2025-05-05
132,Starter,29.0,1,True,False,2025-03-26
133,Free,0.0,1,False,True,2025-01-29
134,Pro,79.0,3,True,False,2025-05-24
135,Free,0.0,1,False,True,2025-10-15
136,Starter,29.0,1,False,True,2025-02-05
137,Starter,29.0,1,False,False,2025-05-16
138,Free,0.0,1,True,True,2025-12-02
139,Starter,29.0,1,True,False,2025-11-20
140,Free,0.0,1,False,False,2025-03-21
141,Free,0.0,1,False,True,2025-01-16
142,Free,0.0,1,False,True,2025-08-15
143,Free,0.0,1,True,False,2025-01-13
144,Starter,29.0,1,True,True,2025-04-18
145,Free,0.0,1,False,False,2025-06-18
146,Free,0.0,1,True,False,2025-10-27
147,Free,0.0,1,True,False,2025-02-12
148,Pro,79.0,4,True,False,2025-08-16
149,Starter,29.0,1,True,False,2025-07-09
150,Free,0.0,1,True,False,2025-02-20
151,Starter,29.0,1,True,True,2025-10-23
152,Pro,79.0,1,True,False,2025-10-13
153,Starter,29.0,1,True,True,2025-06-18
154,Starter,29.0,1,True,False,2025-11-25
155,Free,0.0,1,True,False,2025-08-03
156,Starter,29.0,1,False,True,2025-11-11
157,Enterprise,2872.8,72,True,True,2025-11-25
158,Starter,29.0,1,False,False,2025-07-14
159,Free,0.0,1,False,False,2025-04-05
160,Pro,79.0,3,True,False,2025-03-03
161,Free,0.0,1,False,True,2025-07-12
162,Free,0.0,1,False,False,2025-03-17
163,Pro,79.0,7,True,False,2025-09-16
164,Enterprise,1995.0,50,False,True,2025-11-09
165,Free,0.0,1,False,False,2025-03-31
166,Free,0.0,1,False,False,2025-07-08
167,Free,0.0,1,True,False,2025-01-21
168,Starter,29.0,1,False,False,2025-03-15
169,Free,0.0,1,False,False,2025-05-19
170,Starter,29.0,1,True,False,2025-11-05
171,Starter,29.0,1,False,False,2025-12-03
172,Free,0.0,1,False,True,2025-08-08
173,Pro,79.0,4,True,False,2025-07-27
174,Free,0.0,1,True,False,2025-07-17
175,Starter,29.0,1,True,False,2025-01-31
176,Free,0.0,1,True,False,2025-05-17
177,Free,0.0,1,False,False,2025-11-30
178,Free,0.0,1,True,True,2025-05-20
179,Free,0.0,1,True,False,2025-03-19
180,Free,0.0,1,False,False,2025-03-22
181,Free,0.0,1,True,False,2025-09-02
182,Free,0.0,1,False,True,2025-01-22
183,Free,0.0,1,False,False,2025-11-25
184,Free,0.0,1,False,False,2025-10-30
185,Starter,29.0,1,False,False,2025-07-18
186,Enterprise,1236.9,31,False,False,2025-06-07
187,Free,0.0,1,False,True,2025-09-19
188,Pro,79.0,4,True,False,2025-07-13
189,Starter,29.0,1,True,False,2025-06-17
190,Free,0.0,1,True,False,2025-04-28
191,Free,0.0,1,False,False,2025-05-31
192,Pro,79.0,7,False,False,2025-09-16
193,Free,0.0,1,True,False,2025-01-26
194,Free,0.0,1,False,False,2025-01-16
195,Starter,29.0,1,True,True,2025-09-04
196,Starter,29.0,1,False,False,2025-05-18
197,Pro,79.0,1,False,False,2025-09-26
198,Starter,29.0,1,True,False,2025-01-17
199,Free,0.0,1,False,True,2025-11-09
200,Free,0.0,1,True,False,2025-02-13
201,Free,0.0,1,True,False,2025-05-30
202,Starter,29.0,1,False,True,2025-11-30
203,Enterprise,1077.3000000000002,27,True,False,2025-02-09
204,Free,0.0,1,True,False,2025-08-09
205,Free,0.0,1,True,False,2025-09-08
206,Free,0.0,1,True,False,2025-05-27
207,Free,0.0,1,False,True,2025-01-31
208,Starter,29.0,1,False,False,2025-07-07
209,Enterprise,1635.8999999999999,41,True,False,2025-05-30
210,Free,0.0,1,False,False,2025-10-26
211,Starter,29.0,1,False,False,2025-08-25
212,Pro,79.0,4,False,True,2025-04-28
213,Free,0.0,1,False,True,2025-01-26
214,Pro,79.0,5,True,False,2025-07-25
215,Starter,29.0,1,False,False,2025-04-08
216,Starter,29.0,1,False,True,2025-08-24
217,Free,0.0,1,False,True,2025-10-22
218,Free,0.0,1,False,False,2025-05-08
219,Free,0.0,1,True,False,2025-11-03
220,Pro,79.0,1,True,False,2025-06-25
221,Pro,79.0,8,True,True,2025-07-10
222,Free,0.0,1,False,True,2025-09-18
223,Starter,29.0,1,True,False,2025-09-30
224,Free,0.0,1,True,False,2025-11-01
225,Pro,79.0,6,False,False,2025-11-30
226,Starter,29.0,1,True,False,2025-03-03
227,Enterprise,1037.4,26,True,True,2025-05-28
228,Starter,29.0,1,False,True,2025-11-10
229,Free,0.0,1,False,False,2025-04-18
230,Free,0.0,1,False,False,2025-01-11
231,Starter,29.0,1,True,False,2025-07-19
232,Pro,79.0,9,False,False,2025-09-21
233,Free,0.0,1,False,True,2025-09-15
234,Free,0.0,1,True,False,2025-09-28
235,Free,0.0,1,False,False,2025-08-09
236,Free,0.0,1,False,False,2025-02-26
237,Free,0.0,1,True,False,2025-10-20
238,Free,0.0,1,True,False,2025-06-01
239,Free,0.0,1,False,False,2025-10-16
240,Starter,29.0,1,True,False,2025-10-08
241,Pro,79.0,6,False,True,2025-11-22
242,Enterprise,718.2,18,True,False,2025-01-15
243,Free,0.0,1,False,True,2025-10-19
244,Starter,29.0,1,False,False,2025-08-09
245,Starter,29.0,1,False,False,2025-06-19
246,Free,0.0,1,False,True,2025-10-03
247,Starter,29.0,1,False,False,2025-11-19
248,Free,0.0,1,True,True,2025-06-27
249,Free,0.0,1,False,False,2025-02-02
250,Free,0.0,1,False,True,2025-09-03
251,Pro,79.0,7,True,False,2025-03-28
252,Free,0.0,1,True,True,2025-03-27
253,Starter,29.0,1,True,True,2025-03-18
254,Starter,29.0,1,True,True,2025-03-11
255,Free,0.0,1,False,False,2025-11-13
256,Pro,79.0,2,True,False,2025-05-15
257,Free,0.0,1,False,False,2025-02-08
258,Free,0.0,1,False,False,2025-03-08
259,Starter,29.0,1,False,True,2025-05-18
260,Free,0.0,1,True,True,2025-04-30
261,Starter,29.0,1,True,True,2025-04-22
262,Free,0.0,1,True,False,2025-11-23
263,Free,0.0,1,True,False,2025-10-17
264,Starter,29.0,1,True,False,2025-07-21
265,Free,0.0,1,False,False,2025-12-01
266,Pro,79.0,9,True,True,2025-04-29
267,Free,0.0,1,False,True,2025-02-18
268,Free,0.0,1,True,False,2025-04-10
269,Pro,79.0,6,False,False,2025-02-02
270,Free,0.0,1,True,False,2025-11-25
271,Free,0.0,1,False,False,2025-03-18
272,Free,0.0,1,True,True,2025-05-30
273,Pro,79.0,5,True,False,2025-03-12
274,Free,0.0,1,True,False,2025-12-02
275,Starter,29.0,1,False,False,2025-02-24
276,Pro,79.0,9,True,True,2025-07-05
277,Starter,29.0,1,True,False,2025-11-17
278,Pro,79.0,7,False,True,2025-06-26
279,Enterprise,2513.7,63,False,False,2025-10-31
280,Free,0.0,1,True,False,2025-11-09
281,Pro,79.0,4,False,False,2025-09-18
282,Starter,29.0,1,False,False,2025-09-06
283,Free,0.0,1,True,False,2025-07-14
284,Free,0.0,1,False,False,2025-07-24
285,Free,0.0,1,False,False,2025-10-17
286,Free,0.0,1,False,False,2025-05-25
287,Pro,79.0,4,True,False,2025-11-23
288,Starter,29.0,1,True,False,2025-10-22
289,Free,0.0,1,True,True,2025-05-12
290,Pro,79.0,1,False,False,2025-05-22
291,Starter,29.0,1,True,False,2025-09-05
292,Free,0.0,1,True,False,2025-11-14
293,Free,0.0,1,False,False,2025-02-09
294,Free,0.0,1,False,False,2025-01-26
295,Pro,79.0,7,True,False,2025-03-30
296,Starter,29.0,1,False,False,2025-05-26
297,Free,0.0,1,False,True,2025-02-25
298,Starter,29.0,1,True,False,2025-07-01
299,Starter,29.0,1,True,True,2025-07-10
300,Starter,29.0,1,False,False,2025-11-21
301,Free,0.0,1,False,True,2025-09-16
302,Free,0.0,1,False,True,2025-03-28
303,Free,0.0,1,False,False,2025-09-20
304,Pro,79.0,6,True,False,2025-09-29
305,Free,0.0,1,False,False,2025-08-25
306,Free,0.0,1,True,False,2025-08-17
307,Starter,29.0,1,True,True,2025-04-15
308,Free,0.0,1,False,False,2025-09-02
309,Pro,79.0,5,True,False,2025-02-21
310,Free,0.0,1,True,False,2025-07-31
311,Free,0.0,1,False,False,2025-11-10
312,Free,0.0,1,True,False,2025-12-03
313,Free,0.0,1,False,False,2025-04-23
314,Free,0.0,1,False,False,2025-04-23
315,Free,0.0,1,False,False,2025-08-03
316,Starter,29.0,1,False,True,2025-05-27
317,Free,0.0,1,False,False,2025-09-14
318,Starter,29.0,1,False,True,2025-03-14
319,Free,0.0,1,False,False,2025-03-06
320,Starter,29.0,1,True,False,2025-01-29
321,Pro,79.0,4,True,False,2025-06-14
322,Enterprise,1276.8000000000002,32,True,False,2025-03-15
323,Starter,29.0,1,True,False,2025-04-20
324,Enterprise,1516.1999999999998,38,True,True,2025-11-07
325,Free,0.0,1,True,False,2025-10-09
326,Free,0.0,1,False,True,2025-10-12
327,Free,0.0,1,False,True,2025-07-26
328,Starter,29.0,1,False,True,2025-02-11
329,Pro,79.0,5,True,True,2025-09-09
330,Free,0.0,1,True,False,2025-07-30
331,Free,0.0,1,True,False,2025-11-12
332,Starter,29.0,1,False,False,2025-06-21
333,Free,0.0,1,True,False,2025-03-08
334,Pro,79.0,9,True,False,2025-07-29
335,Free,0.0,1,False,False,2025-06-09
336,Free,0.0,1,False,True,2025-08-16
337,Free,0.0,1,True,False,2025-05-18
338,Free,0.0,1,True,True,2025-04-14
339,Starter,29.0,1,True,False,2025-02-15
340,Free,0.0,1,True,False,2025-11-20
341,Free,0.0,1,False,True,2025-09-19
342,Starter,29.0,1,True,False,2025-06-14
343,Starter,29.0,1,True,True,2025-03-30
344,Free,0.0,1,False,False,2025-08-09
345,Free,0.0,1,False,False,2025-05-29
346,Free,0.0,1,True,False,2025-08-12
347,Free,0.0,1,True,False,2025-02-04
348,Free,0.0,1,False,True,2025-03-10
349,Free,0.0,1,False,True,2025-09-08
350,Pro,79.0,5,True,False,2025-01-23
351,Free,0.0,1,True,False,2025-08-22
352,Starter,29.0,1,False,False,2025-05-19
353,Starter,29.0,1,True,False,2025-01-10
354,Free,0.0,1,False,False,2025-09-26
355,Starter,29.0,1,True,True,2025-09-03
356,Free,0.0,1,True,True,2025-10-04
357,Free,0.0,1,True,False,2025-11-01
358,Free,0.0,1,False,True,2025-09-13
359,Pro,79.0,2,False,False,2025-10-09
360,Free,0.0,1,False,True,2025-02-15
361,Free,0.0,1,True,False,2025-11-16
362,Starter,29.0,1,True,False,2025-11-02
363,Free,0.0,1,True,False,2025-08-23
364,Starter,29.0,1,False,True,2025-09-30
365,Free,0.0,1,False,False,2025-09-05
366,Free,0.0,1,True,True,2025-10-31
367,Pro,79.0,2,False,False,2025-10-25
368,Free,0.0,1,True,True,2025-06-26
369,Free,0.0,1,True,False,2025-10-13
370,Pro,79.0,9,True,False,2025-11-11
371,Free,0.0,1,False,False,2025-04-22
372,Enterprise,1635.8999999999999,41,False,True,2025-01-23
373,Free,0.0,1,True,False,2025-02-27
374,Starter,29.0,1,False,True,2025-01-11
375,Starter,29.0,1,True,True,2025-06-04
376,Starter,29.0,1,False,False,2025-01-14
377,Pro,79.0,5,True,False,2025-04-02
378,Free,0.0,1,True,False,2025-04-03
379,Starter,29.0,1,True,False,2025-09-03
380,Pro,79.0,2,True,False,2025-03-28
381,Free,0.0,1,True,False,2025-11-15
382,Starter,29.0,1,True,False,2025-03-09
383,Free,0.0,1,False,True,2025-12-04
384,Free,0.0,1,False,False,2025-07-17
385,Starter,29.0,1,True,False,2025-03-27
386,Starter,29.0,1,True,False,2025-01-21
387,Starter,29.0,1,True,False,2025-04-26
388,Pro,79.0,7,True,False,2025-07-24
389,Starter,29.0,1,False,True,2025-02-10
390,Enterprise,2274.3,57,True,False,2025-02-27
391,Starter,29.0,1,False,True,2025-02-14
392,Free,0.0,1,False,True,2025-08-18
393,Free,0.0,1,True,True,2025-02-02
394,Free,0.0,1,False,False,2025-01-12
395,Free,0.0,1,False,False,2025-06-08
396,Free,0.0,1,False,False,2025-04-27
397,Starter,29.0,1,False,False,2025-07-19
398,Starter,29.0,1,True,False,2025-11-14
399,Starter,29.0,1,True,False,2025-10-26
400,Free,0.0,1,True,False,2025-06-29
401,Free,0.0,1,False,True,2025-08-09
402,Free,0.0,1,True,False,2025-10-05
403,Pro,79.0,8,True,False,2025-05-30
404,Free,0.0,1,True,False,2025-08-10
405,Free,0.0,1,False,False,2025-03-21
406,Starter,29.0,1,True,False,2025-07-23
407,Free,0.0,1,True,True,2025-03-24
408,Pro,79.0,8,True,False,2025-03-15
409,Free,0.0,1,False,True,2025-09-22
410,Free,0.0,1,True,False,2025-07-16
411,Free,0.0,1,True,False,2025-05-15
412,Free,0.0,1,True,False,2025-01-25
413,Starter,29.0,1,True,False,2025-03-29
414,Free,0.0,1,True,False,2025-10-01
415,Free,0.0,1,True,False,2025-06-12
416,Starter,29.0,1,True,False,2025-11-21
417,Free,0.0,1,False,False,2025-11-10
418,Pro,79.0,5,True,False,2025-10-18
419,Starter,29.0,1,False,True,2025-01-13
420,Starter,29.0,1,False,False,2025-01-28
421,Pro,79.0,1,True,False,2025-07-17
422,Pro,79.0,6,False,True,2025-04-27
423,Free,0.0,1,False,True,2025-10-17
424,Starter,29.0,1,True,False,2025-04-25
425,Free,0.0,1,False,False,2025-03-01
426,Free,0.0,1,True,False,2025-02-13
427,Free,0.0,1,True,True,2025-04-16
428,Free,0.0,1,False,True,2025-08-10
429,Free,0.0,1,True,False,2025-02-23
430,Free,0.0,1,False,True,2025-10-05
431,Starter,29.0,1,False,False,2025-04-12
432,Free,0.0,1,True,False,2025-04-18
433,Free,0.0,1,True,False,2025-08-16
434,Free,0.0,1,True,False,2025-10-27
435,Free,0.0,1,True,False,2025-06-07
436,Starter,29.0,1,False,False,2025-10-05
437,Free,0.0,1,False,True,2025-04-19
438,Starter,29.0,1,False,True,2025-02-25
439,Free,0.0,1,False,True,2025-10-08
440,Free,0.0,1,False,True,2025-09-23
441,Pro,79.0,5,False,False,2025-09-13
442,Free,0.0,1,True,True,2025-10-22
443,Starter,29.0,1,False,False,2025-06-26
444,Free,0.0,1,True,False,2025-03-12
445,Free,0.0,1,False,False,2025-07-27
446,Free,0.0,1,False,True,2025-07-21
447,Pro,79.0,5,True,False,2025-05-20
448,Free,0.0,1,False,True,2025-08-06
449,Starter,29.0,1,True,True,2025-04-04
450,Free,0.0,1,True,True,2025-07-28
451,Pro,79.0,4,False,False,2025-10-01
452,Free,0.0,1,True,False,2025-02-08
453,Free,0.0,1,True,False,2025-06-09
454,Starter,29.0,1,True,False,2025-08-19
455,Pro,79.0,5,False,True,2025-01-23
456,Free,0.0,1,False,True,2025-07-31
457,Free,0.0,1,True,False,2025-11-02
458,Free,0.0,1,False,False,2025-10-03
459,Starter,29.0,1,True,False,2025-08-17
460,Free,0.0,1,True,False,2025-09-29
461,Starter,29.0,1,True,True,2025-05-12
462,Starter,29.0,1,False,False,2025-05-03
463,Starter,29.0,1,False,True,2025-01-29
464,Free,0.0,1,True,False,2025-09-07
465,Free,0.0,1,False,False,2025-04-19
466,Free,0.0,1,False,True,2025-10-24
467,Free,0.0,1,False,True,2025-06-07
468,Free,0.0,1,True,False,2025-10-28
469,Enterprise,678.3,17,True,False,2025-02-21
470,Free,0.0,1,False,False,2025-03-04
471,Enterprise,1516.1999999999998,38,True,False,2025-05-07
472,Free,0.0,1,False,False,2025-01-21
473,Free,0.0,1,True,False,2025-06-19
474,Free,0.0,1,False,False,2025-08-06
475,Free,0.0,1,True,False,2025-08-12
476,Pro,79.0,8,True,False,2025-03-15
477,Pro,79.0,7,True,False,2025-03-09
478,Enterprise,2513.7,63,True,False,2025-07-14
479,Free,0.0,1,True,False,2025-08-10
480,Free,0.0,1,False,False,2025-11-22
481,Starter,29.0,1,True,False,2025-10-27
482,Pro,79.0,8,False,False,2025-05-10
483,Free,0.0,1,False,True,2025-02-28
484,Pro,79.0,9,True,False,2025-04-07
485,Free,0.0,1,False,False,2025-11-03
486,Starter,29.0,1,True,False,2025-06-04
487,Free,0.0,1,False,False,2025-12-03
488,Pro,79.0,2,True,False,2025-08-20
489,Pro,79.0,4,True,False,2025-07-23
490,Free,0.0,1,False,True,2025-02-12
491,Free,0.0,1,False,False,2025-07-22
492,Free,0.0,1,False,False,2025-05-15
493,Free,0.0,1,False,True,2025-10-21
494,Free,0.0,1,True,False,2025-02-17
495,Free,0.0,1,False,False,2025-03-06
496,Free,0.0,1,False,False,2025-08-23
497,Free,0.0,1,False,False,2025-08-22
498,Free,0.0,1,False,True,2025-10-13
499,Pro,79.0,9,True,False,2025-07-02
500,Free,0.0,1,True,False,2025-05-06
501,Enterprise,1316.6999999999998,33,True,False,2025-04-18
502,Free,0.0,1,False,False,2025-05-14
503,Free,0.0,1,False,False,2025-08-12
504,Enterprise,2673.3,67,False,False,2025-07-01
505,Free,0.0,1,False,False,2025-04-21
506,Free,0.0,1,False,True,2025-03-15
507,Free,0.0,1,True,False,2025-09-05
508,Pro,79.0,8,False,False,2025-03-27
509,Free,0.0,1,False,False,2025-03-24
510,Free,0.0,1,True,False,2025-04-23
511,Free,0.0,1,False,False,2025-10-20
512,Free,0.0,1,False,False,2025-06-05
513,Pro,79.0,1,False,False,2025-07-19
514,Free,0.0,1,True,False,2025-01-28
515,Starter,29.0,1,False,True,2025-04-29
516,Pro,79.0,7,True,False,2025-09-22
517,Free,0.0,1,True,True,2025-09-24
518,Free,0.0,1,False,False,2025-07-22
519,Starter,29.0,1,False,False,2025-10-20
520,Starter,29.0,1,False,False,2025-04-21
521,Free,0.0,1,False,False,2025-03-08
522,Free,0.0,1,True,False,2025-02-08
523,Free,0.0,1,True,True,2025-03-10
524,Starter,29.0,1,True,False,2025-09-20
525,Free,0.0,1,False,True,2025-11-11
526,Enterprise,678.3,17,False,False,2025-02-18
527,Free,0.0,1,False,False,2025-06-23
528,Free,0.0,1,True,True,2025-02-27
529,Free,0.0,1,True,False,2025-10-10
530,Free,0.0,1,True,False,2025-02-22
531,Free,0.0,1,True,False,2025-08-10
532,Starter,29.0,1,True,False,2025-02-09
533,Pro,79.0,6,True,False,2025-09-14
534,Free,0.0,1,False,False,2025-10-31
535,Pro,79.0,6,True,False,2025-09-13
536,Free,0.0,1,True,False,2025-04-04
537,Free,0.0,1,True,True,2025-10-16
538,Free,0.0,1,True,True,2025-04-21
539,Pro,79.0,8,True,True,2025-09-22
540,Free,0.0,1,True,False,2025-10-16
541,Starter,29.0,1,True,False,2025-06-13
542,Free,0.0,1,False,False,2025-08-03
543,Starter,29.0,1,True,False,2025-10-24
544,Free,0.0,1,True,False,2025-03-14
545,Free,0.0,1,False,False,2025-01-13
546,Starter,29.0,1,False,False,2025-06-02
547,Free,0.0,1,False,False,2025-03-09
548,Starter,29.0,1,False,False,2025-11-05
549,Pro,79.0,8,True,False,2025-10-19
550,Free,0.0,1,False,True,2025-05-15
551,Free,0.0,1,True,False,2025-04-23
552,Free,0.0,1,False,True,2025-09-08
553,Free,0.0,1,False,False,2025-06-06
554,Free,0.0,1,False,False,2025-02-04
555,Free,0.0,1,False,False,2025-08-23
556,Starter,29.0,1,True,False,2025-08-31
557,Pro,79.0,9,False,False,2025-02-02
558,Starter,29.0,1,True,False,2025-09-28
559,Free,0.0,1,False,False,2025-07-11
560,Free,0.0,1,True,False,2025-10-04
561,Starter,29.0,1,False,False,2025-10-17
562,Pro,79.0,1,True,False,2025-08-17
563,Starter,29.0,1,True,False,2025-04-23
564,Starter,29.0,1,False,False,2025-05-09
565,Free,0.0,1,True,True,2025-09-01
566,Pro,79.0,9,True,False,2025-02-01
567,Free,0.0,1,False,False,2025-03-19
568,Free,0.0,1,True,False,2025-07-03
569,Pro,79.0,1,False,False,2025-11-11
570,Free,0.0,1,False,False,2025-09-19
571,Pro,79.0,2,False,False,2025-10-11
572,Free,0.0,1,False,True,2025-03-09
573,Free,0.0,1,True,False,2025-04-15
574,Starter,29.0,1,True,False,2025-04-03
575,Pro,79.0,4,False,False,2025-09-20
576,Free,0.0,1,False,False,2025-07-10
577,Pro,79.0,1,True,False,2025-03-19
578,Free,0.0,1,True,False,2025-09-13
579,Pro,79.0,5,False,True,2025-08-15
580,Free,0.0,1,False,False,2025-10-28
581,Free,0.0,1,True,False,2025-07-14
582,Free,0.0,1,False,True,2025-02-24
583,Starter,29.0,1,True,False,2025-10-26
584,Free,0.0,1,True,False,2025-03-08
585,Starter,29.0,1,True,True,2025-02-01
586,Free,0.0,1,False,False,2025-09-29
587,Starter,29.0,1,False,True,2025-06-10
588,Enterprise,2074.8,52,True,False,2025-08-12
589,Free,0.0,1,True,False,2025-02-24
590,Free,0.0,1,True,True,2025-09-08
591,Pro,79.0,3,True,False,2025-05-17
592,Pro,79.0,7,False,False,2025-12-01
593,Pro,79.0,7,True,False,2025-08-01
594,Free,0.0,1,False,True,2025-11-16
595,Starter,29.0,1,False,False,2025-10-02
596,Free,0.0,1,False,False,2025-10-18
597,Free,0.0,1,False,False,2025-02-12
598,Starter,29.0,1,False,False,2025-09-22
599,Free,0.0,1,True,False,2025-08-02
600,Free,0.0,1,True,False,2025-05-25
601,Free,0.0,1,False,False,2025-04-18
602,Free,0.0,1,False,False,2025-08-03
603,Free,0.0,1,False,False,2025-03-16
604,Pro,79.0,1,True,False,2025-03-06
605,Free,0.0,1,False,False,2025-10-27
606,Enterprise,2513.7,63,False,False,2025-09-11
607,Pro,79.0,3,True,False,2025-07-22
608,Enterprise,1197.0,30,True,True,2025-09-18
609,Pro,79.0,2,True,False,2025-04-18
610,Free,0.0,1,False,False,2025-09-08
611,Free,0.0,1,False,False,2025-03-14
612,Free,0.0,1,False,False,2025-06-02
613,Free,0.0,1,True,False,2025-03-04
614,Free,0.0,1,True,False,2025-05-10
615,Pro,79.0,2,True,False,2025-05-04
616,Pro,79.0,6,True,False,2025-05-29
617,Pro,79.0,4,False,False,2025-06-16
618,Free,0.0,1,False,True,2025-01-21
619,Pro,79.0,3,True,False,2025-05-05
620,Pro,79.0,3,True,False,2025-10-18
621,Free,0.0,1,False,False,2025-06-01
622,Free,0.0,1,False,True,2025-07-12
623,Free,0.0,1,False,False,2025-02-11
624,Free,0.0,1,False,False,2025-05-11
625,Pro,79.0,5,False,False,2025-12-01
626,Free,0.0,1,True,False,2025-07-11
627,Free,0.0,1,False,True,2025-01-14
628,Free,0.0,1,False,False,2025-09-03
629,Pro,79.0,3,True,False,2025-09-28
630,Free,0.0,1,False,False,2025-05-14
631,Starter,29.0,1,False,True,2025-01-22
632,Free,0.0,1,False,False,2025-10-15
633,Starter,29.0,1,False,True,2025-04-01
634,Pro,79.0,5,True,False,2025-11-10
635,Pro,79.0,6,True,False,2025-05-08
636,Pro,79.0,3,True,False,2025-05-19
637,Free,0.0,1,True,True,2025-09-28
638,Free,0.0,1,True,False,2025-02-16
639,Free,0.0,1,False,False,2025-01-12
640,Free,0.0,1,False,False,2025-09-16
641,Free,0.0,1,False,False,2025-11-10
642,Pro,79.0,5,True,False,2025-12-06
643,Free,0.0,1,True,True,2025-02-16
644,Free,0.0,1,True,False,2025-03-03
645,Pro,79.0,5,True,False,2025-05-01
646,Pro,79.0,1,True,False,2025-09-03
647,Enterprise,2433.8999999999996,61,True,False,2025-11-06
648,Free,0.0,1,False,False,2025-10-09
649,Free,0.0,1,False,False,2025-05-08
650,Pro,79.0,5,True,False,2025-11-05
651,Free,0.0,1,False,True,2025-04-06
652,Pro,79.0,7,True,False,2025-02-14
653,Free,0.0,1,False,True,2025-06-07
654,Free,0.0,1,False,False,2025-01-31
655,Starter,29.0,1,True,False,2025-08-17
656,Starter,29.0,1,False,True,2025-12-01
657,Starter,29.0,1,True,True,2025-02-08
658,Starter,29.0,1,True,True,2025-02-18
659,Starter,29.0,1,True,False,2025-03-12
660,Free,0.0,1,False,False,2025-03-10
661,Free,0.0,1,True,False,2025-07-08
662,Free,0.0,1,True,False,2025-07-12
663,Starter,29.0,1,False,False,2025-11-16
664,Free,0.0,1,True,False,2025-06-11
665,Free,0.0,1,True,False,2025-11-08
666,Free,0.0,1,True,False,2025-09-18
667,Free,0.0,1,True,False,2025-10-19
668,Free,0.0,1,False,False,2025-03-12
669,Pro,79.0,2,True,False,2025-06-01
670,Enterprise,2992.5,75,True,False,2025-11-15
671,Free,0.0,1,True,True,2025-09-10
672,Free,0.0,1,False,False,2025-03-26
673,Free,0.0,1,True,False,2025-10-13
674,Free,0.0,1,False,False,2025-09-23
675,Free,0.0,1,False,False,2025-02-19
676,Free,0.0,1,False,False,2025-01-31
677,Free,0.0,1,False,False,2025-04-05
678,Free,0.0,1,False,False,2025-06-11
679,Starter,29.0,1,False,False,2025-03-03
680,Free,0.0,1,True,True,2025-01-22
681,Pro,79.0,2,False,False,2025-02-14
682,Pro,79.0,4,True,False,2025-04-15
683,Free,0.0,1,False,False,2025-05-18
684,Starter,29.0,1,False,True,2025-04-21
685,Enterprise,1755.6000000000001,44,False,False,2025-06-03
686,Free,0.0,1,True,True,2025-09-03
687,Starter,29.0,1,True,False,2025-04-01
688,Free,0.0,1,False,False,2025-06-14
689,Free,0.0,1,False,False,2025-09-06
690,Free,0.0,1,True,True,2025-01-25
691,Free,0.0,1,False,False,2025-11-18
692,Starter,29.0,1,False,False,2025-12-08
693,Free,0.0,1,False,False,2025-04-11
694,Free,0.0,1,True,False,2025-10-27
695,Pro,79.0,2,False,False,2025-03-27
696,Free,0.0,1,False,True,2025-11-07
697,Free,0.0,1,False,False,2025-08-11
698,Enterprise,3112.2,78,False,False,2025-03-26
699,Starter,29.0,1,True,False,2025-02-02
700,Starter,29.0,1,False,True,2025-05-13
701,Free,0.0,1,False,True,2025-09-11
702,Starter,29.0,1,False,False,2025-03-24
703,Free,0.0,1,True,False,2025-06-21
704,Starter,29.0,1,False,False,2025-02-17
705,Free,0.0,1,True,False,2025-05-22
706,Free,0.0,1,False,False,2025-01-21
707,Pro,79.0,5,True,True,2025-12-02
708,Starter,29.0,1,True,False,2025-06-19
709,Enterprise,758.0999999999999,19,False,True,2025-10-22
710,Free,0.0,1,False,True,2025-02-21
711,Free,0.0,1,False,True,2025-02-26
712,Free,0.0,1,True,False,2025-03-13
713,Free,0.0,1,False,False,2025-07-13
714,Free,0.0,1,True,True,2025-10-17
715,Free,0.0,1,False,True,2025-07-22
716,Free,0.0,1,False,False,2025-06-24
717,Free,0.0,1,False,True,2025-11-22
718,Pro,79.0,6,False,False,2025-03-06
719,Free,0.0,1,False,False,2025-03-09
720,Pro,79.0,2,True,False,2025-08-19
721,Free,0.0,1,False,True,2025-10-25
722,Free,0.0,1,False,False,2025-04-09
723,Enterprise,438.90000000000003,11,False,False,2025-04-03
724,Free,0.0,1,False,False,2025-07-04
725,Free,0.0,1,True,False,2025-09-30
726,Starter,29.0,1,True,True,2025-04-08
727,Free,0.0,1,True,False,2025-10-03
728,Free,0.0,1,False,False,2025-07-04
729,Starter,29.0,1,False,False,2025-08-25
730,Starter,29.0,1,False,False,2025-08-07
731,Free,0.0,1,True,False,2025-06-22
732,Starter,29.0,1,True,True,2025-07-08
733,Free,0.0,1,True,True,2025-12-06
734,Pro,79.0,8,True,False,2025-05-21
735,Free,0.0,1,False,False,2025-11-12
736,Free,0.0,1,False,False,2025-09-26
737,Starter,29.0,1,False,True,2025-03-07
738,Free,0.0,1,False,False,2025-10-31
739,Pro,79.0,2,True,False,2025-05-10
740,Enterprise,598.5,15,True,False,2025-03-12
741,Free,0.0,1,False,False,2025-04-05
742,Pro,79.0,9,True,True,2025-02-22
743,Free,0.0,1,False,True,2025-05-02
744,Enterprise,3112.2,78,True,False,2025-02-08
745,Free,0.0,1,True,True,2025-07-04
746,Free,0.0,1,True,True,2025-12-07
747,Free,0.0,1,True,False,2025-11-21
748,Free,0.0,1,True,False,2025-11-16
749,Free,0.0,1,True,False,2025-03-23
750,Enterprise,3112.2,78,True,True,2025-03-27
751,Starter,29.0,1,True,False,2025-08-23
752,Starter,29.0,1,False,False,2025-11-21
753,Starter,29.0,1,True,False,2025-10-14
754,Free,0.0,1,True,False,2025-03-21
755,Pro,79.0,4,True,False,2025-09-12
756,Starter,29.0,1,False,False,2025-06-29
757,Free,0.0,1,False,False,2025-06-08
758,Free,0.0,1,True,False,2025-06-19
759,Free,0.0,1,True,False,2025-07-09
760,Free,0.0,1,True,True,2025-11-04
761,Free,0.0,1,False,True,2025-09-26
762,Free,0.0,1,True,False,2025-01-16
763,Pro,79.0,7,True,False,2025-09-21
764,Free,0.0,1,False,False,2025-04-22
765,Starter,29.0,1,False,False,2025-05-02
766,Free,0.0,1,False,False,2025-07-25
767,Starter,29.0,1,False,True,2025-11-26
768,Starter,29.0,1,True,False,2025-01-25
769,Free,0.0,1,False,True,2025-07-01
770,Enterprise,399.0,10,True,False,2025-03-28
771,Free,0.0,1,False,False,2025-11-04
772,Free,0.0,1,False,False,2025-06-10
773,Starter,29.0,1,True,True,2025-10-24
774,Free,0.0,1,False,False,2025-10-25
775,Pro,79.0,6,True,False,2025-02-04
776,Free,0.0,1,False,True,2025-09-24
777,Free,0.0,1,True,False,2025-09-22
778,Starter,29.0,1,True,False,2025-10-10
779,Pro,79.0,8,True,False,2025-12-03
780,Pro,79.0,9,True,False,2025-09-18
781,Free,0.0,1,False,True,2025-10-16
782,Starter,29.0,1,True,False,2025-09-07
783,Free,0.0,1,True,True,2025-04-14
784,Starter,29.0,1,True,False,2025-10-16
785,Free,0.0,1,True,True,2025-08-30
786,Pro,79.0,1,False,False,2025-08-16
787,Starter,29.0,1,False,False,2025-11-28
788,Free,0.0,1,False,True,2025-09-15
789,Free,0.0,1,False,False,2025-05-05
790,Free,0.0,1,False,False,2025-04-11
791,Enterprise,2992.5,75,False,False,2025-05-03
792,Free,0.0,1,False,False,2025-03-05
793,Starter,29.0,1,True,False,2025-02-09
794,Enterprise,917.6999999999999,23,True,False,2025-09-19
795,Free,0.0,1,False,True,2025-09-29
796,Enterprise,1875.3000000000002,47,True,False,2025-03-06
797,Free,0.0,1,False,False,2025-05-20
798,Free,0.0,1,False,True,2025-11-13
799,Free,0.0,1,True,True,2025-10-07
800,Starter,29.0,1,True,False,2025-07-23
801,Free,0.0,1,False,False,2025-12-04
802,Pro,79.0,1,True,False,2025-04-27
803,Starter,29.0,1,True,False,2025-10-11
804,Starter,29.0,1,False,False,2025-11-16
805,Free,0.0,1,False,False,2025-07-22
806,Starter,29.0,1,False,False,2025-03-04
807,Starter,29.0,1,False,True,2025-04-12
808,Free,0.0,1,False,False,2025-06-22
809,Free,0.0,1,True,False,2025-04-10
810,Pro,79.0,2,False,False,2025-02-04
811,Pro,79.0,5,False,False,2025-03-02
812,Free,0.0,1,False,False,2025-11-24
813,Free,0.0,1,True,False,2025-05-19
814,Pro,79.0,4,False,False,2025-07-18
815,Free,0.0,1,True,False,2025-06-08
816,Enterprise,2793.0,70,False,False,2025-10-01
817,Pro,79.0,1,False,True,2025-02-15
818,Free,0.0,1,False,False,2025-04-11
819,Pro,79.0,1,True,False,2025-07-19
820,Starter,29.0,1,False,False,2025-10-01
821,Starter,29.0,1,False,False,2025-06-08
822,Pro,79.0,4,False,False,2025-08-25
823,Starter,29.0,1,False,False,2025-09-28
824,Enterprise,1995.0,50,False,True,2025-08-07
825,Free,0.0,1,False,False,2025-10-10
826,Free,0.0,1,True,False,2025-11-23
827,Starter,29.0,1,True,False,2025-03-14
828,Free,0.0,1,True,False,2025-05-27
829,Starter,29.0,1,True,True,2025-03-18
830,Starter,29.0,1,True,False,2025-05-26
831,Starter,29.0,1,True,False,2025-01-01
832,Pro,79.0,5,True,False,2025-08-28
833,Starter,29.0,1,False,False,2025-03-27
834,Pro,79.0,5,True,False,2025-10-13
835,Pro,79.0,4,False,False,2025-09-08
836,Pro,79.0,3,False,True,2025-05-03
837,Free,0.0,1,True,False,2025-06-04
838,Free,0.0,1,True,False,2025-08-14
839,Starter,29.0,1,True,False,2025-05-30
840,Free,0.0,1,True,True,2025-03-23
841,Pro,79.0,8,False,False,2025-01-18
842,Free,0.0,1,False,False,2025-07-06
843,Starter,29.0,1,True,False,2025-07-01
844,Free,0.0,1,False,True,2025-09-25
845,Starter,29.0,1,True,True,2025-02-15
846,Pro,79.0,9,True,False,2025-01-25
847,Pro,79.0,3,True,True,2025-09-14
848,Free,0.0,1,False,False,2025-09-03
849,Free,0.0,1,True,False,2025-09-25
850,Starter,29.0,1,True,False,2025-01-11
851,Free,0.0,1,True,True,2025-08-11
852,Free,0.0,1,False,True,2025-11-22
853,Enterprise,2553.6000000000004,64,True,False,2025-09-21
854,Pro,79.0,3,True,False,2025-06-09
855,Free,0.0,1,True,False,2025-06-20
856,Starter,29.0,1,True,False,2025-05-26
857,Enterprise,718.2,18,False,False,2025-01-25
858,Free,0.0,1,False,False,2025-09-10
859,Pro,79.0,7,False,False,2025-06-30
860,Pro,79.0,7,True,False,2025-07-03
861,Pro,79.0,4,True,False,2025-11-14
862,Free,0.0,1,True,True,2025-09-07
863,Pro,79.0,6,False,False,2025-11-24
864,Enterprise,3072.3,77,True,True,2025-02-11
865,Free,0.0,1,True,False,2025-11-18
866,Starter,29.0,1,True,False,2025-07-20
867,Free,0.0,1,False,True,2025-05-23
868,Starter,29.0,1,False,False,2025-07-08
869,Starter,29.0,1,True,False,2025-01-13
870,Starter,29.0,1,False,False,2025-11-09
871,Pro,79.0,3,False,False,2025-08-11
872,Free,0.0,1,False,False,2025-01-23
873,Free,0.0,1,True,False,2025-11-15
874,Pro,79.0,1,False,False,2025-06-06
875,Free,0.0,1,False,True,2025-02-12
876,Free,0.0,1,False,True,2025-08-10
877,Free,0.0,1,False,False,2025-02-05
878,Pro,79.0,8,True,False,2025-07-16
879,Free,0.0,1,False,False,2025-09-14
880,Pro,79.0,3,False,True,2025-01-27
881,Starter,29.0,1,False,False,2025-09-28
882,Pro,79.0,9,False,False,2025-07-24
883,Pro,79.0,1,False,False,2025-04-27
884,Pro,79.0,9,False,True,2025-03-18
885,Free,0.0,1,False,False,2025-01-09
886,Free,0.0,1,False,True,2025-03-19
887,Starter,29.0,1,False,False,2025-04-07
888,Starter,29.0,1,False,True,2025-10-26
889,Pro,79.0,9,True,False,2025-06-26
890,Pro,79.0,5,False,False,2025-03-09
891,Free,0.0,1,True,False,2025-09-19
892,Free,0.0,1,True,True,2025-06-06
893,Starter,29.0,1,True,False,2025-10-11
894,Starter,29.0,1,False,False,2025-09-16
895,Free,0.0,1,False,False,2025-11-15
896,Free,0.0,1,True,True,2025-08-25
897,Free,0.0,1,False,True,2025-02-10
898,Free,0.0,1,False,False,2025-07-14
899,Free,0.0,1,False,False,2025-05-27
900,Free,0.0,1,False,True,2025-10-01
901,Free,0.0,1,True,False,2025-02-25
902,Free,0.0,1,False,True,2025-06-07
903,Free,0.0,1,True,False,2025-10-08
904,Free,0.0,1,False,False,2025-07-28
905,Free,0.0,1,True,True,2025-01-19
906,Free,0.0,1,False,False,2025-10-11
907,Pro,79.0,7,True,False,2025-05-07
908,Pro,79.0,7,True,False,2025-08-19
909,Free,0.0,1,False,False,2025-08-10
910,Free,0.0,1,True,False,2025-08-03
911,Free,0.0,1,True,False,2025-05-31
912,Starter,29.0,1,True,False,2025-05-29
913,Free,0.0,1,False,False,2025-02-12
914,Starter,29.0,1,True,False,2025-07-16
915,Starter,29.0,1,False,True,2025-04-18
916,Starter,29.0,1,True,False,2025-05-20
917,Pro,79.0,4,True,False,2025-03-06
918,Free,0.0,1,True,True,2025-09-08
919,Free,0.0,1,False,False,2025-11-17
920,Free,0.0,1,True,False,2025-05-09
921,Starter,29.0,1,True,False,2025-05-22
922,Starter,29.0,1,False,False,2025-06-10
923,Free,0.0,1,False,False,2025-01-30
924,Free,0.0,1,False,False,2025-09-11
925,Free,0.0,1,True,False,2025-11-02
926,Free,0.0,1,True,True,2025-07-01
927,Free,0.0,1,True,False,2025-02-03
928,Free,0.0,1,True,False,2025-05-01
929,Enterprise,2394.0,60,False,False,2025-02-24
930,Free,0.0,1,False,True,2025-10-06
931,Starter,29.0,1,True,False,2025-10-02
932,Free,0.0,1,False,False,2025-05-14
933,Free,0.0,1,False,False,2025-05-18
934,Free,0.0,1,True,False,2025-10-13
935,Free,0.0,1,False,True,2025-02-09
936,Pro,79.0,1,True,False,2025-09-24
937,Free,0.0,1,False,True,2025-11-28
938,Free,0.0,1,True,False,2025-06-04
939,Enterprise,3112.2,78,True,False,2025-09-21
940,Pro,79.0,9,True,False,2025-09-09
941,Free,0.0,1,True,False,2025-10-31
942,Free,0.0,1,False,True,2025-01-14
943,Starter,29.0,1,False,True,2025-08-26
944,Free,0.0,1,True,False,2025-05-16
945,Free,0.0,1,False,False,2025-10-23
946,Free,0.0,1,False,False,2025-10-20
947,Pro,79.0,3,False,False,2025-04-19
948,Free,0.0,1,False,False,2025-07-17
949,Enterprise,1875.3000000000002,47,True,False,2025-06-23
950,Free,0.0,1,True,False,2025-07-06
951,Free,0.0,1,True,False,2025-10-08
952,Free,0.0,1,False,True,2025-08-22
953,Pro,79.0,3,False,False,2025-09-16
954,Pro,79.0,2,False,False,2025-08-20
955,Free,0.0,1,True,True,2025-04-05
956,Starter,29.0,1,False,True,2025-07-22
957,Free,0.0,1,False,False,2025-05-20
958,Starter,29.0,1,True,False,2025-05-28
959,Free,0.0,1,False,False,2025-02-18
960,Enterprise,1635.8999999999999,41,True,False,2025-03-06
961,Free,0.0,1,True,False,2025-05-01
962,Pro,79.0,8,False,False,2025-04-11
963,Free,0.0,1,False,False,2025-08-13
964,Starter,29.0,1,False,False,2025-04-14
965,Free,0.0,1,True,False,2025-04-02
966,Starter,29.0,1,False,True,2025-06-06
967,Starter,29.0,1,False,True,2025-07-19
968,Starter,29.0,1,False,False,2025-12-07
969,Free,0.0,1,False,False,2025-06-26
970,Free,0.0,1,False,False,2025-05-11
971,Enterprise,3112.2,78,True,False,2025-04-25
972,Free,0.0,1,True,False,2025-06-05
973,Free,0.0,1,False,False,2025-11-10
974,Free,0.0,1,True,False,2025-05-06
975,Starter,29.0,1,True,False,2025-03-28
976,Enterprise,2832.8999999999996,71,True,False,2025-07-18
977,Free,0.0,1,False,False,2025-09-19
978,Free,0.0,1,False,True,2025-11-22
979,Free,0.0,1,False,True,2025-04-06
980,Free,0.0,1,True,False,2025-10-31
981,Free,0.0,1,True,False,2025-10-15
982,Free,0.0,1,True,True,2025-05-14
983,Free,0.0,1,True,True,2025-04-24
984,Enterprise,1635.8999999999999,41,True,False,2025-04-09
985,Free,0.0,1,False,False,2025-04-28
986,Starter,29.0,1,False,False,2025-10-29
987,Free,0.0,1,True,False,2025-04-27
988,Free,0.0,1,True,True,2025-06-27
989,Pro,79.0,5,False,False,2025-11-09
990,Free,0.0,1,False,False,2025-08-28
991,Free,0.0,1,True,False,2025-02-16
992,Pro,79.0,7,True,False,2025-02-06
993,Free,0.0,1,True,False,2025-03-20
994,Free,0.0,1,True,True,2025-10-18
995,Enterprise,957.5999999999999,24,True,False,2025-03-17
996,Free,0.0,1,False,True,2025-04-18
997,Pro,79.0,5,True,False,2025-07-10
998,Free,0.0,1,False,False,2025-06-15
999,Starter,29.0,1,False,False,2025-02-03
1000,Free,0.0,1,False,False,2025-03-19
1001,Free,0.0,1,False,False,2025-12-06
1002,Enterprise,1157.1,29,True,False,2025-05-30
1003,Pro,79.0,2,False,False,2025-04-06
1004,Free,0.0,1,False,False,2025-10-06
1005,Starter,29.0,1,True,False,2025-06-12
1006,Free,0.0,1,False,False,2025-10-11
1007,Free,0.0,1,True,False,2025-02-27
1008,Free,0.0,1,False,False,2025-06-16
1009,Starter,29.0,1,False,True,2025-10-04
1010,Starter,29.0,1,True,False,2025-09-17
1011,Starter,29.0,1,True,True,2025-08-20
1012,Pro,79.0,2,True,False,2025-06-09
1013,Free,0.0,1,True,False,2025-10-06
1014,Free,0.0,1,True,False,2025-05-18
1015,Free,0.0,1,True,False,2025-08-10
1016,Free,0.0,1,False,True,2025-07-12
1017,Enterprise,2354.1000000000004,59,True,False,2025-04-12
1018,Free,0.0,1,False,True,2025-03-16
1019,Starter,29.0,1,False,False,2025-06-28
1020,Pro,79.0,3,False,False,2025-04-22
1021,Pro,79.0,8,False,False,2025-06-23
1022,Starter,29.0,1,False,False,2025-09-01
1023,Starter,29.0,1,True,False,2025-09-27
1024,Free,0.0,1,True,False,2025-09-18
1025,Starter,29.0,1,False,False,2025-06-22
1026,Free,0.0,1,True,False,2025-01-31
1027,Starter,29.0,1,True,True,2025-03-12
1028,Free,0.0,1,True,False,2025-09-10
1029,Enterprise,2872.8,72,True,False,2025-07-24
1030,Free,0.0,1,True,False,2025-10-13
1031,Pro,79.0,6,False,False,2025-06-17
1032,Pro,79.0,8,True,False,2025-06-10
1033,Free,0.0,1,False,False,2025-03-28
1034,Pro,79.0,4,True,False,2025-01-21
1035,Starter,29.0,1,False,True,2025-02-26
1036,Starter,29.0,1,False,True,2025-08-23
1037,Free,0.0,1,False,True,2025-07-15
1038,Free,0.0,1,False,False,2025-03-25
1039,Free,0.0,1,False,True,2025-05-03
1040,Free,0.0,1,False,False,2025-08-16
1041,Starter,29.0,1,True,False,2025-05-12
1042,Starter,29.0,1,True,False,2025-05-16
1043,Starter,29.0,1,True,False,2025-04-07
1044,Free,0.0,1,True,False,2025-08-10
1045,Free,0.0,1,True,False,2025-10-31
1046,Pro,79.0,1,True,True,2025-04-08
1047,Enterprise,2234.3999999999996,56,True,False,2025-04-15
1048,Free,0.0,1,False,False,2025-06-17
1049,Free,0.0,1,False,False,2025-03-05
1050,Free,0.0,1,False,True,2025-07-01
1051,Enterprise,558.5999999999999,14,False,False,2025-10-23
1052,Free,0.0,1,True,False,2025-08-11
1053,Pro,79.0,3,True,False,2025-03-02
1054,Pro,79.0,6,True,False,2025-03-13
1055,Free,0.0,1,False,False,2025-01-26
1056,Starter,29.0,1,False,False,2025-11-28
1057,Free,0.0,1,False,False,2025-05-02
1058,Starter,29.0,1,True,False,2025-04-17
1059,Free,0.0,1,False,False,2025-10-27
1060,Pro,79.0,6,False,False,2025-04-21
1061,Free,0.0,1,False,False,2025-03-24
1062,Pro,79.0,1,False,True,2025-03-31
1063,Starter,29.0,1,True,False,2025-05-20
1064,Free,0.0,1,True,False,2025-01-28
1065,Enterprise,1715.6999999999998,43,True,False,2025-08-14
1066,Free,0.0,1,False,False,2025-05-30
1067,Pro,79.0,1,False,False,2025-11-25
1068,Enterprise,798.0,20,False,False,2025-09-24
1069,Pro,79.0,7,True,False,2025-05-19
1070,Starter,29.0,1,True,True,2025-09-04
1071,Starter,29.0,1,True,False,2025-10-06
1072,Pro,79.0,1,False,False,2025-03-08
1073,Free,0.0,1,False,False,2025-02-23
1074,Pro,79.0,1,True,False,2025-02-23
1075,Pro,79.0,5,False,True,2025-01-22
1076,Pro,79.0,3,True,False,2025-04-25
1077,Free,0.0,1,True,False,2025-09-24
1078,Starter,29.0,1,False,False,2025-09-17
1079,Free,0.0,1,True,False,2025-05-20
1080,Free,0.0,1,False,False,2025-06-23
1081,Free,0.0,1,False,False,2025-09-19
1082,Starter,29.0,1,True,False,2025-11-16
1083,Free,0.0,1,False,True,2025-04-14
1084,Pro,79.0,9,False,False,2025-08-14
1085,Free,0.0,1,False,True,2025-07-29
1086,Free,0.0,1,False,False,2025-07-29
1087,Pro,79.0,1,True,False,2025-10-04
1088,Free,0.0,1,True,False,2025-09-26
1089,Free,0.0,1,False,False,2025-05-15
1090,Pro,79.0,5,True,False,2025-09-11
1091,Free,0.0,1,False,True,2025-01-20
1092,Enterprise,2513.7,63,True,False,2025-05-03
1093,Free,0.0,1,False,False,2025-03-17
1094,Pro,79.0,5,True,False,2025-04-03
1095,Free,0.0,1,False,False,2025-11-03
1096,Enterprise,2633.3999999999996,66,False,False,2025-06-09
1097,Free,0.0,1,False,False,2025-01-25
1098,Pro,79.0,4,True,False,2025-06-13
1099,Free,0.0,1,False,False,2025-01-27
1100,Free,0.0,1,True,False,2025-02-20
1101,Starter,29.0,1,True,False,2025-05-21
1102,Starter,29.0,1,False,True,2025-06-08
1103,Starter,29.0,1,False,True,2025-03-25
1104,Starter,29.0,1,False,False,2025-08-10
1105,Free,0.0,1,False,False,2025-06-20
1106,Free,0.0,1,False,False,2025-02-17
1107,Starter,29.0,1,True,False,2025-10-06
1108,Starter,29.0,1,True,False,2025-02-20
1109,Starter,29.0,1,True,True,2025-05-08
1110,Free,0.0,1,False,False,2025-03-08
1111,Pro,79.0,4,False,False,2025-11-13
1112,Free,0.0,1,True,False,2025-04-07
1113,Pro,79.0,4,False,False,2025-10-19
1114,Free,0.0,1,False,False,2025-12-01
1115,Starter,29.0,1,True,False,2025-03-16
1116,Enterprise,598.5,15,True,False,2025-01-22
1117,Free,0.0,1,True,False,2025-01-13
1118,Pro,79.0,2,True,True,2025-03-14
1119,Free,0.0,1,False,True,2025-05-19
1120,Free,0.0,1,True,False,2025-03-02
1121,Free,0.0,1,False,False,2025-11-23
1122,Starter,29.0,1,False,True,2025-06-08
1123,Free,0.0,1,True,True,2025-10-24
1124,Enterprise,798.0,20,True,False,2025-01-17
1125,Free,0.0,1,False,True,2025-02-14
1126,Free,0.0,1,False,False,2025-06-15
1127,Free,0.0,1,False,False,2025-03-07
1128,Free,0.0,1,True,False,2025-03-05
1129,Free,0.0,1,False,False,2025-01-12
1130,Free,0.0,1,True,True,2025-04-01
1131,Free,0.0,1,True,False,2025-09-16
1132,Free,0.0,1,True,True,2025-09-23
1133,Starter,29.0,1,True,False,2025-06-23
1134,Free,0.0,1,True,False,2025-03-14
1135,Starter,29.0,1,False,False,2025-06-03
1136,Free,0.0,1,True,False,2025-08-08
1137,Free,0.0,1,False,True,2025-03-01
1138,Free,0.0,1,False,True,2025-05-28
1139,Free,0.0,1,True,False,2025-10-04
1140,Pro,79.0,9,False,False,2025-05-20
1141,Free,0.0,1,False,True,2025-06-08
1142,Free,0.0,1,True,False,2025-10-03
1143,Free,0.0,1,False,False,2025-08-15
1144,Pro,79.0,8,False,True,2025-02-28
1145,Starter,29.0,1,True,False,2025-07-26
1146,Starter,29.0,1,False,False,2025-11-18
1147,Pro,79.0,7,True,False,2025-03-24
1148,Free,0.0,1,False,False,2025-11-02
1149,Starter,29.0,1,True,False,2025-07-16
1150,Free,0.0,1,False,False,2025-08-25
1151,Starter,29.0,1,True,False,2025-04-24
1152,Free,0.0,1,False,True,2025-01-28
1153,Starter,29.0,1,False,False,2025-01-19
1154,Free,0.0,1,True,True,2025-08-10
1155,Free,0.0,1,True,False,2025-11-28
1156,Starter,29.0,1,False,False,2025-08-02
1157,Enterprise,2633.3999999999996,66,True,False,2025-05-07
1158,Free,0.0,1,True,False,2025-09-24
1159,Free,0.0,1,True,False,2025-11-17
1160,Free,0.0,1,True,False,2025-03-25
1161,Starter,29.0,1,False,False,2025-02-16
1162,Pro,79.0,2,True,False,2025-11-15
1163,Free,0.0,1,True,False,2025-01-27
1164,Free,0.0,1,False,False,2025-11-01
1165,Free,0.0,1,True,False,2025-02-23
1166,Enterprise,2753.1000000000004,69,False,True,2025-02-20
1167,Free,0.0,1,True,False,2025-04-15
1168,Free,0.0,1,True,False,2025-04-18
1169,Pro,79.0,2,True,False,2025-04-23
1170,Enterprise,2034.8999999999999,51,True,False,2025-01-15
1171,Pro,79.0,8,True,False,2025-10-19
1172,Free,0.0,1,True,False,2025-10-11
1173,Free,0.0,1,False,False,2025-08-21
1174,Starter,29.0,1,True,False,2025-11-03
1175,Pro,79.0,1,False,False,2025-11-11
1176,Pro,79.0,7,True,False,2025-12-09
1177,Free,0.0,1,False,True,2025-05-15
1178,Free,0.0,1,True,False,2025-08-05
1179,Pro,79.0,5,True,False,2025-09-25
1180,Starter,29.0,1,False,False,2025-08-18
1181,Starter,29.0,1,True,True,2025-09-24
1182,Enterprise,399.0,10,False,False,2025-08-25
1183,Enterprise,798.0,20,True,False,2025-05-23
1184,Pro,79.0,7,False,False,2025-07-18
1185,Starter,29.0,1,True,False,2025-03-20
1186,Free,0.0,1,True,True,2025-11-26
1187,Free,0.0,1,True,False,2025-11-08
1188,Free,0.0,1,False,True,2025-07-23
1189,Starter,29.0,1,True,False,2025-09-15
1190,Pro,79.0,2,True,False,2025-04-30
1191,Pro,79.0,6,True,False,2025-05-18
1192,Pro,79.0,2,True,False,2025-07-02
1193,Free,0.0,1,False,True,2025-03-31
1194,Free,0.0,1,False,False,2025-01-09
1195,Free,0.0,1,False,False,2025-05-14
1196,Starter,29.0,1,True,False,2025-09-12
1197,Enterprise,399.0,10,True,False,2025-04-01
1198,Pro,79.0,7,False,True,2025-08-25
1199,Free,0.0,1,True,False,2025-07-20
1200,Free,0.0,1,True,False,2025-05-22
1201,Pro,79.0,5,True,False,2025-08-31
1202,Pro,79.0,8,False,True,2025-10-12
1203,Pro,79.0,9,False,False,2025-11-20
1204,Free,0.0,1,False,False,2025-09-21
1205,Free,0.0,1,True,False,2025-01-31
1206,Starter,29.0,1,False,False,2025-04-30
1207,Pro,79.0,9,False,False,2025-07-01
1208,Free,0.0,1,False,False,2025-02-06
1209,Free,0.0,1,True,False,2025-05-26
1210,Free,0.0,1,False,False,2025-02-25
1211,Free,0.0,1,False,False,2025-07-15
1212,Free,0.0,1,False,True,2025-03-05
1213,Pro,79.0,7,False,False,2025-04-07
1214,Starter,29.0,1,False,False,2025-04-12
1215,Free,0.0,1,True,False,2025-11-24
1216,Free,0.0,1,False,False,2025-06-10
1217,Free,0.0,1,False,False,2025-07-14
1218,Pro,79.0,1,True,False,2025-11-16
1219,Free,0.0,1,False,False,2025-01-16
1220,Free,0.0,1,True,True,2025-04-05
1221,Starter,29.0,1,True,False,2025-05-25
1222,Enterprise,1037.4,26,False,False,2025-10-31
1223,Free,0.0,1,True,False,2025-09-06
1224,Enterprise,2832.8999999999996,71,True,False,2025-08-20
1225,Free,0.0,1,False,False,2025-05-16
1226,Free,0.0,1,True,True,2025-10-13
1227,Enterprise,2753.1000000000004,69,False,False,2025-03-10
1228,Enterprise,3152.1000000000004,79,True,False,2025-05-22
1229,Free,0.0,1,False,False,2025-05-12
1230,Starter,29.0,1,False,False,2025-01-02
1231,Starter,29.0,1,True,True,2025-02-02
1232,Free,0.0,1,False,True,2025-09-29
1233,Pro,79.0,8,True,False,2025-11-16
1234,Starter,29.0,1,False,False,2025-03-25
1235,Free,0.0,1,False,False,2025-01-29
1236,Free,0.0,1,False,False,2025-02-26
1237,Starter,29.0,1,True,False,2025-01-30
1238,Starter,29.0,1,False,True,2025-10-05
1239,Starter,29.0,1,False,True,2025-01-20
1240,Starter,29.0,1,False,False,2025-08-31
1241,Free,0.0,1,True,False,2025-09-25
1242,Free,0.0,1,False,False,2025-03-24
1243,Free,0.0,1,False,False,2025-03-18
1244,Starter,29.0,1,True,False,2025-04-06
1245,Free,0.0,1,False,True,2025-09-18
1246,Pro,79.0,2,True,False,2025-11-13
1247,Enterprise,2394.0,60,True,True,2025-09-16
1248,Free,0.0,1,False,False,2025-04-07
1249,Free,0.0,1,False,True,2025-09-02
1250,Free,0.0,1,False,True,2025-09-05
1251,Starter,29.0,1,True,False,2025-06-04
1252,Pro,79.0,5,False,False,2025-02-21
1253,Starter,29.0,1,False,True,2025-04-24
1254,Free,0.0,1,False,False,2025-10-07
1255,Starter,29.0,1,False,False,2025-06-28
1256,Free,0.0,1,True,False,2025-02-13
1257,Starter,29.0,1,True,False,2025-11-15
1258,Free,0.0,1,True,False,2025-07-04
1259,Starter,29.0,1,True,True,2025-04-30
1260,Free,0.0,1,True,False,2025-01-21
1261,Starter,29.0,1,True,False,2025-07-23
1262,Starter,29.0,1,False,True,2025-07-11
1263,Starter,29.0,1,False,True,2025-02-21
1264,Starter,29.0,1,True,False,2025-10-15
1265,Free,0.0,1,True,True,2025-06-26
1266,Pro,79.0,7,False,False,2025-02-08
1267,Starter,29.0,1,True,False,2025-03-14
1268,Starter,29.0,1,False,False,2025-04-15
1269,Free,0.0,1,True,True,2025-09-08
1270,Free,0.0,1,False,False,2025-09-14
1271,Pro,79.0,5,True,False,2025-10-10
1272,Pro,79.0,5,False,False,2025-08-01
1273,Enterprise,1915.1999999999998,48,False,False,2025-11-13
1274,Free,0.0,1,True,True,2025-04-21
1275,Pro,79.0,6,False,False,2025-07-18
1276,Pro,79.0,8,True,False,2025-08-09
1277,Starter,29.0,1,True,False,2025-05-11
1278,Pro,79.0,5,False,True,2025-06-03
1279,Pro,79.0,5,True,False,2025-08-30
1280,Free,0.0,1,False,False,2025-10-29
1281,Free,0.0,1,False,True,2025-11-09
1282,Free,0.0,1,False,False,2025-04-13
1283,Starter,29.0,1,True,False,2025-09-08
1284,Starter,29.0,1,False,True,2025-09-14
1285,Starter,29.0,1,True,False,2025-11-13
1286,Pro,79.0,1,True,False,2025-08-10
1287,Pro,79.0,3,True,True,2025-03-21
1288,Free,0.0,1,False,False,2025-09-12
1289,Free,0.0,1,False,False,2025-03-01
1290,Pro,79.0,3,True,False,2025-05-15
1291,Pro,79.0,2,False,True,2025-06-13
1292,Free,0.0,1,False,True,2025-09-12
1293,Starter,29.0,1,False,True,2025-02-27
1294,Free,0.0,1,False,False,2025-08-23
1295,Starter,29.0,1,True,True,2025-02-22
1296,Enterprise,2114.7,53,False,False,2025-05-10
1297,Free,0.0,1,False,False,2025-02-19
1298,Pro,79.0,2,True,False,2025-01-16
1299,Free,0.0,1,True,True,2025-04-21
1300,Enterprise,837.9000000000001,21,True,False,2025-11-29
1301,Pro,79.0,2,True,False,2025-07-12
1302,Free,0.0,1,False,False,2025-09-01
1303,Starter,29.0,1,True,False,2025-03-24
1304,Pro,79.0,6,False,False,2025-03-19
1305,Free,0.0,1,True,True,2025-11-07
1306,Starter,29.0,1,True,False,2025-09-03
1307,Free,0.0,1,True,False,2025-06-21
1308,Free,0.0,1,True,True,2025-04-08
1309,Free,0.0,1,False,False,2025-10-22
1310,Free,0.0,1,True,False,2025-06-16
1311,Enterprise,518.7,13,False,False,2025-01-27
1312,Free,0.0,1,True,False,2025-10-21
1313,Free,0.0,1,True,True,2025-05-27
1314,Free,0.0,1,False,False,2025-06-05
1315,Starter,29.0,1,False,False,2025-05-21
1316,Enterprise,2633.3999999999996,66,True,False,2025-04-12
1317,Starter,29.0,1,False,False,2025-08-01
1318,Pro,79.0,4,False,True,2025-04-22
1319,Free,0.0,1,False,False,2025-06-27
1320,Starter,29.0,1,False,True,2025-01-27
1321,Free,0.0,1,False,False,2025-10-12
1322,Pro,79.0,9,False,False,2025-03-17
1323,Starter,29.0,1,True,False,2025-07-25
1324,Free,0.0,1,False,False,2025-04-12
1325,Pro,79.0,9,False,False,2025-03-12
1326,Starter,29.0,1,False,True,2025-03-09
1327,Free,0.0,1,False,False,2025-08-29
1328,Free,0.0,1,False,False,2025-01-29
1329,Pro,79.0,1,True,True,2025-09-27
1330,Starter,29.0,1,False,False,2025-06-18
1331,Pro,79.0,5,True,False,2025-06-03
1332,Free,0.0,1,True,False,2025-03-25
1333,Starter,29.0,1,False,True,2025-05-06
1334,Free,0.0,1,True,False,2025-09-09
1335,Starter,29.0,1,True,True,2025-11-06
1336,Starter,29.0,1,True,False,2025-11-09
1337,Pro,79.0,3,True,True,2025-08-06
1338,Pro,79.0,6,True,False,2025-04-12
1339,Free,0.0,1,False,True,2025-02-05
1340,Pro,79.0,2,True,False,2025-07-11
1341,Free,0.0,1,True,False,2025-07-10
1342,Free,0.0,1,True,True,2025-06-21
1343,Free,0.0,1,True,False,2025-06-26
1344,Free,0.0,1,True,False,2025-02-02
1345,Pro,79.0,5,False,True,2025-05-23
1346,Starter,29.0,1,False,False,2025-02-17
1347,Free,0.0,1,False,True,2025-10-18
1348,Pro,79.0,8,True,False,2025-10-31
1349,Enterprise,1755.6000000000001,44,True,False,2025-10-10
1350,Starter,29.0,1,False,False,2025-06-11
1351,Starter,29.0,1,False,False,2025-09-26
1352,Pro,79.0,5,True,False,2025-10-09
1353,Free,0.0,1,False,False,2025-05-01
1354,Enterprise,2433.8999999999996,61,True,False,2025-01-27
1355,Free,0.0,1,False,False,2025-10-18
1356,Free,0.0,1,False,True,2025-07-29
1357,Pro,79.0,1,True,False,2025-05-31
1358,Free,0.0,1,True,True,2025-10-19
1359,Free,0.0,1,False,False,2025-11-18
1360,Starter,29.0,1,True,False,2025-10-28
1361,Free,0.0,1,False,False,2025-01-06
1362,Free,0.0,1,False,False,2025-01-12
1363,Free,0.0,1,False,True,2025-06-21
1364,Free,0.0,1,False,True,2025-06-28
1365,Starter,29.0,1,True,False,2025-03-22
1366,Free,0.0,1,False,True,2025-05-12
1367,Free,0.0,1,True,True,2025-07-17
1368,Pro,79.0,7,True,False,2025-09-18
1369,Free,0.0,1,False,False,2025-09-16
1370,Free,0.0,1,False,False,2025-01-30
1371,Pro,79.0,8,True,False,2025-05-19
1372,Free,0.0,1,True,False,2025-04-08
1373,Free,0.0,1,True,False,2025-04-18
1374,Free,0.0,1,False,False,2025-10-05
1375,Free,0.0,1,True,False,2025-05-25
1376,Free,0.0,1,True,True,2025-06-13
1377,Free,0.0,1,True,False,2025-11-24
1378,Free,0.0,1,False,False,2025-06-10
1379,Free,0.0,1,True,False,2025-09-20
1380,Starter,29.0,1,False,False,2025-11-29
1381,Free,0.0,1,False,False,2025-11-29
1382,Free,0.0,1,False,True,2025-04-27
1383,Free,0.0,1,True,False,2025-05-17
1384,Free,0.0,1,False,False,2025-01-18
1385,Free,0.0,1,False,False,2025-09-07
1386,Starter,29.0,1,True,True,2025-05-11
1387,Pro,79.0,1,True,True,2025-01-09
1388,Pro,79.0,3,True,False,2025-02-23
1389,Free,0.0,1,True,False,2025-03-04
1390,Pro,79.0,8,True,False,2025-02-04
1391,Pro,79.0,7,True,False,2025-01-28
1392,Starter,29.0,1,True,False,2025-07-20
1393,Pro,79.0,7,True,False,2025-03-29
1394,Free,0.0,1,False,True,2025-11-25
1395,Starter,29.0,1,True,False,2025-07-13
1396,Starter,29.0,1,False,False,2025-07-19
1397,Starter,29.0,1,True,False,2025-06-27
1398,Starter,29.0,1,False,True,2025-08-06
1399,Free,0.0,1,False,False,2025-09-29
1400,Pro,79.0,2,False,False,2025-04-27
1401,Free,0.0,1,False,False,2025-08-06
1402,Free,0.0,1,False,False,2025-07-21
1403,Starter,29.0,1,True,True,2025-08-25
1404,Pro,79.0,8,True,False,2025-09-09
1405,Free,0.0,1,False,False,2025-09-25
1406,Starter,29.0,1,True,True,2025-07-22
1407,Free,0.0,1,False,False,2025-01-31
1408,Free,0.0,1,False,False,2025-09-30
1409,Free,0.0,1,False,False,2025-11-21
1410,Starter,29.0,1,True,False,2025-07-09
1411,Free,0.0,1,True,False,2025-05-31
1412,Pro,79.0,6,True,False,2025-03-09
1413,Free,0.0,1,True,False,2025-06-06
1414,Free,0.0,1,False,False,2025-07-21
1415,Free,0.0,1,True,False,2025-09-25
1416,Free,0.0,1,False,False,2025-06-17
1417,Pro,79.0,2,True,False,2025-03-14
1418,Enterprise,478.79999999999995,12,True,False,2025-03-04
1419,Pro,79.0,3,True,False,2025-07-05
1420,Free,0.0,1,True,False,2025-08-02
1421,Pro,79.0,7,False,True,2025-11-02
1422,Free,0.0,1,False,False,2025-10-13
1423,Free,0.0,1,False,False,2025-07-21
1424,Starter,29.0,1,True,True,2025-02-28
1425,Free,0.0,1,True,True,2025-10-12
1426,Free,0.0,1,True,False,2025-07-09
1427,Enterprise,438.90000000000003,11,True,False,2025-10-19
1428,Free,0.0,1,True,False,2025-09-10
1429,Pro,79.0,9,False,False,2025-04-16
1430,Free,0.0,1,False,False,2025-05-26
1431,Free,0.0,1,False,True,2025-05-29
1432,Free,0.0,1,True,False,2025-04-11
1433,Free,0.0,1,False,False,2025-09-24
1434,Free,0.0,1,False,False,2025-05-11
1435,Free,0.0,1,False,False,2025-08-24
1436,Free,0.0,1,False,False,2025-07-06
1437,Free,0.0,1,False,False,2025-05-29
1438,Free,0.0,1,False,False,2025-08-25
1439,Enterprise,638.4000000000001,16,True,False,2025-03-04
1440,Pro,79.0,4,False,False,2025-07-16
1441,Starter,29.0,1,False,False,2025-02-28
1442,Free,0.0,1,False,False,2025-02-12
1443,Starter,29.0,1,True,False,2025-10-06
1444,Starter,29.0,1,False,True,2025-10-12
1445,Starter,29.0,1,False,False,2025-08-15
1446,Free,0.0,1,False,False,2025-11-17
1447,Free,0.0,1,False,False,2025-07-30
1448,Free,0.0,1,True,False,2025-02-16
1449,Free,0.0,1,True,False,2025-05-21
1450,Pro,79.0,5,False,False,2025-03-27
1451,Free,0.0,1,False,False,2025-08-30
1452,Starter,29.0,1,False,True,2025-03-06
1453,Pro,79.0,8,True,False,2025-07-26
1454,Starter,29.0,1,False,True,2025-10-17
1455,Free,0.0,1,False,False,2025-03-12
1456,Free,0.0,1,True,False,2025-11-06
1457,Pro,79.0,4,True,True,2025-08-28
1458,Free,0.0,1,True,False,2025-01-19
1459,Free,0.0,1,False,False,2025-06-29
1460,Starter,29.0,1,True,False,2025-05-05
1461,Pro,79.0,8,True,False,2025-08-23
1462,Pro,79.0,1,False,False,2025-03-14
1463,Starter,29.0,1,True,False,2025-06-23
1464,Starter,29.0,1,False,False,2025-06-10
1465,Free,0.0,1,True,False,2025-06-29
1466,Free,0.0,1,False,False,2025-11-16
1467,Starter,29.0,1,False,True,2025-11-12
1468,Free,0.0,1,False,True,2025-02-03
1469,Pro,79.0,5,False,False,2025-10-02
1470,Free,0.0,1,False,True,2025-03-11
1471,Free,0.0,1,False,False,2025-03-02
1472,Enterprise,598.5,15,True,False,2025-06-18
1473,Free,0.0,1,False,True,2025-11-24
1474,Starter,29.0,1,False,False,2025-06-29
1475,Free,0.0,1,True,True,2025-07-16
1476,Enterprise,718.2,18,True,False,2025-09-18
1477,Free,0.0,1,False,False,2025-06-11
1478,Starter,29.0,1,False,False,2025-06-05
1479,Pro,79.0,8,True,True,2025-08-27
1480,Free,0.0,1,False,False,2025-02-17
1481,Free,0.0,1,False,True,2025-10-21
1482,Free,0.0,1,True,False,2025-05-06
1483,Free,0.0,1,True,False,2025-07-18
1484,Pro,79.0,7,False,False,2025-11-28
1485,Starter,29.0,1,True,False,2025-09-14
1486,Pro,79.0,9,False,False,2025-09-15
1487,Starter,29.0,1,False,False,2025-10-03
1488,Starter,29.0,1,True,False,2025-02-09
1489,Free,0.0,1,False,False,2025-05-29
1490,Free,0.0,1,True,True,2025-10-05
1491,Enterprise,997.5,25,False,False,2025-04-05
1492,Enterprise,2114.7,53,False,False,2025-04-19
1493,Free,0.0,1,False,False,2025-10-27
1494,Pro,79.0,7,True,False,2025-09-21
1495,Starter,29.0,1,False,True,2025-04-04
1496,Free,0.0,1,False,True,2025-01-13
1497,Free,0.0,1,True,False,2025-06-14
1498,Starter,29.0,1,False,False,2025-10-27
1499,Enterprise,2473.8,62,False,False,2025-07-13
1500,Enterprise,1755.6000000000001,44,True,False,2025-03-04
