user_id,signup_date,country,acquisition_channel,plan_tier
1,2025-11-12,CA,Organic,Free
2,2025-07-28,AU,Partner,Free
3,2025-08-17,CA,Paid Social,Free
4,2025-10-27,US,Referral,Pro
5,2025-07-13,US,Organic,Starter
6,2025-09-17,US,Partner,Free
7,2025-10-06,US,Organic,Pro
8,2025-03-17,US,Paid Search,Pro
9,2025-01-19,US,Organic,Free
10,2025-04-11,CA,Organic,Enterprise
11,2025-04-06,US,Referral,Free
12,2025-10-19,UK,Organic,Starter
13,2025-11-01,US,Paid Search,Free
14,2025-01-02,US,Organic,Free
15,2025-06-16,US,Referral,Free
16,2025-10-02,DE,Organic,Starter
17,2025-02-13,US,Paid Search,Free
18,2025-09-24,US,Referral,Starter
19,2025-02-09,DE,Paid Social,Enterprise
20,2025-06-06,US,Paid Social,Free
21,2025-09-30,IN,Partner,Free
22,2025-04-12,IN,Organic,Starter
23,2025-04-25,US,Paid Social,Free
24,2025-04-03,DE,Paid Social,Free
25,2025-08-29,US,Paid Social,Starter
26,2025-03-27,US,Paid Social,Starter
27,2025-11-27,US,Organic,Pro
28,2025-05-29,UK,Organic,Enterprise
29,2025-06-09,IN,Referral,Pro
30,2025-06-18,US,Paid Social,Free
31,2025-07-14,DE,Organic,Pro
32,2025-07-04,CA,Organic,Starter
33,2025-06-20,US,Paid Search,Free
34,2025-11-29,IN,Organic,Enterprise
35,2025-09-27,AU,Paid Social,Free
36,2025-09-22,US,Paid Search,Starter
37,2025-08-22,IN,Referral,Starter
38,2025-07-27,US,Organic,Pro
39,2025-04-24,US,Paid Search,Starter
40,2025-11-27,US,Organic,Enterprise
41,2025-06-05,IN,Referral,Free
42,2025-03-13,US,Paid Search,Free
43,2025-10-10,IN,Organic,Free
44,2025-02-23,UK,Partner,Starter
45,2025-10-14,US,Paid Social,Free
46,2025-07-24,UK,Paid Search,Free
47,2025-02-08,CA,Referral,Free
48,2025-01-15,UK,Paid Search,Starter
49,2025-05-29,DE,Partner,Free
50,2025-01-12,AU,Organic,Pro
51,2025-02-17,IN,Partner,Free
52,2025-06-21,US,Organic,Pro
53,2025-11-21,IN,Paid Social,Pro
54,2025-06-05,US,Organic,Free
55,2025-09-28,IN,Paid Search,Free
56,2025-11-03,IN,Paid Social,Free
57,2025-10-03,IN,Organic,Free
58,2025-07-30,US,Organic,Free
59,2025-05-28,CA,Organic,Free
60,2025-06-21,IN,Paid Social,Free
61,2025-03-30,IN,Organic,Free
62,2025-06-15,US,Paid Search,Free
63,2025-05-07,IN,Paid Search,Pro
64,2025-03-24,US,Organic,Starter
65,2025-11-28,US,Partner,Free
66,2025-01-04,DE,Paid Search,Free
67,2025-02-02,CA,Paid Social,Free
68,2025-03-06,US,Paid Social,Free
69,2025-11-20,US,Referral,Free
70,2025-08-20,US,Organic,Free
71,2025-10-22,US,Organic,Free
72,2025-03-09,US,Paid Search,Starter
73,2025-08-29,DE,Organic,Free
74,2025-05-04,UK,Organic,Starter
75,2025-06-13,AU,Partner,Free
76,2025-01-02,IN,Paid Social,Starter
77,2025-07-26,US,Paid Search,Free
78,2025-10-05,US,Organic,Free
79,2025-08-10,US,Referral,Free
80,2025-02-21,US,Paid Search,Free
81,2025-06-28,DE,Organic,Pro
82,2025-03-31,US,Partner,Free
83,2025-11-19,US,Partner,Free
84,2025-10-22,UK,Partner,Free
85,2025-03-04,US,Referral,Pro
86,2025-06-20,US,Paid Search,Pro
87,2025-11-10,AU,Organic,Starter
88,2025-10-10,DE,Paid Social,Free
89,2025-08-25,US,Organic,Starter
90,2025-08-02,UK,Paid Social,Pro
91,2025-01-15,US,Organic,Free
92,2025-09-05,US,Organic,Starter
93,2025-06-08,UK,Paid Social,Starter
94,2025-01-31,US,Paid Search,Free
95,2025-03-23,US,Paid Social,Free
96,2025-06-30,UK,Referral,Starter
97,2025-08-31,UK,Referral,Free
98,2025-06-19,US,Paid Social,Free
99,2025-07-24,AU,Referral,Starter
100,2025-10-19,US,Paid Social,Enterprise
101,2025-08-18,IN,Partner,Free
102,2025-05-01,US,Referral,Free
103,2025-08-03,US,Organic,Starter
104,2025-07-19,US,Organic,Enterprise
105,2025-02-06,IN,Paid Search,Free
106,2025-01-20,US,Organic,Starter
107,2025-08-09,UK,Organic,Free
108,2025-05-10,IN,Referral,Starter
109,2025-07-19,IN,Organic,Free
110,2025-04-18,US,Organic,Starter
111,2025-03-17,CA,Referral,Free
112,2025-02-20,UK,Organic,Starter
113,2025-05-08,AU,Organic,Free
114,2025-09-30,US,Partner,Free
115,2025-05-14,US,Referral,Free
116,2025-05-07,US,Paid Search,Free
117,2025-07-12,US,Organic,Free
118,2025-11-23,UK,Organic,Free
119,2025-05-12,US,Partner,Starter
120,2025-07-17,US,Referral,Free
121,2025-05-27,US,Organic,Pro
122,2025-07-22,US,Paid Social,Free
123,2025-05-29,US,Paid Search,Starter
124,2025-08-02,IN,Paid Social,Starter
125,2025-07-02,US,Organic,Pro
126,2025-08-14,US,Organic,Starter
127,2025-11-16,AU,Organic,Free
128,2025-02-20,US,Organic,Free
129,2025-07-07,US,Referral,Free
130,2025-05-28,IN,Referral,Starter
131,2025-04-30,IN,Paid Social,Free
132,2025-03-22,UK,Paid Social,Starter
133,2025-01-18,US,Organic,Free
134,2025-05-15,US,Paid Search,Pro
135,2025-10-03,US,Referral,Free
136,2025-02-02,US,Partner,Starter
137,2025-05-16,US,Paid Search,Starter
138,2025-11-20,US,Referral,Free
139,2025-11-14,UK,Partner,Starter
140,2025-03-13,US,Partner,Free
141,2025-01-03,US,Organic,Free
142,2025-08-13,IN,Paid Social,Free
143,2025-01-05,US,Paid Search,Free
144,2025-04-11,US,Paid Search,Starter
145,2025-06-16,US,Paid Search,Free
146,2025-10-19,IN,Organic,Free
147,2025-02-01,AU,Organic,Free
148,2025-08-10,UK,Referral,Pro
149,2025-06-28,UK,Paid Social,Starter
150,2025-02-13,US,Referral,Free
151,2025-10-10,US,Organic,Starter
152,2025-10-10,UK,Organic,Pro
153,2025-06-11,IN,Paid Social,Starter
154,2025-11-12,IN,Partner,Starter
155,2025-07-22,UK,Paid Search,Free
156,2025-10-29,CA,Organic,Starter
157,2025-11-17,US,Paid Social,Enterprise
158,2025-07-10,IN,Partner,Starter
159,2025-04-04,US,Referral,Free
160,2025-02-18,US,Referral,Pro
161,2025-07-07,AU,Paid Search,Free
162,2025-03-06,IN,Organic,Free
163,2025-09-08,IN,Referral,Pro
164,2025-11-06,CA,Referral,Enterprise
165,2025-03-23,US,Referral,Free
166,2025-07-04,US,Paid Search,Free
167,2025-01-17,IN,Organic,Free
168,2025-03-02,IN,Organic,Starter
169,2025-05-06,US,Referral,Free
170,2025-10-23,IN,Partner,Starter
171,2025-11-20,US,Paid Search,Starter
172,2025-08-03,US,Referral,Free
173,2025-07-14,CA,Paid Search,Pro
174,2025-07-10,US,Paid Search,Free
175,2025-01-21,US,Paid Search,Starter
176,2025-05-06,US,Organic,Free
177,2025-11-25,DE,Organic,Free
178,2025-05-18,CA,Organic,Free
179,2025-03-13,IN,Organic,Free
180,2025-03-21,IN,Paid Search,Free
181,2025-08-27,US,Organic,Free
182,2025-01-13,US,Referral,Free
183,2025-11-20,IN,Organic,Free
184,2025-10-20,CA,Paid Search,Free
185,2025-07-09,US,Paid Social,Starter
186,2025-06-06,US,Organic,Enterprise
187,2025-09-12,IN,Paid Search,Free
188,2025-07-02,UK,Paid Search,Pro
189,2025-06-09,US,Paid Search,Starter
190,2025-04-18,CA,Referral,Free
191,2025-05-30,CA,Referral,Free
192,2025-09-08,US,Organic,Pro
193,2025-01-19,IN,Referral,Free
194,2025-01-09,IN,Paid Search,Free
195,2025-08-29,US,Paid Social,Starter
196,2025-05-05,US,Organic,Starter
197,2025-09-26,US,Paid Search,Pro
198,2025-01-11,IN,Paid Social,Starter
199,2025-10-31,UK,Referral,Free
200,2025-02-11,DE,Referral,Free
201,2025-05-19,UK,Organic,Free
202,2025-11-20,US,Referral,Starter
203,2025-02-06,IN,Paid Search,Enterprise
204,2025-08-08,US,Paid Social,Free
205,2025-09-01,AU,Referral,Free
206,2025-05-24,US,Paid Search,Free
207,2025-01-27,CA,Partner,Free
208,2025-06-24,IN,Referral,Starter
209,2025-05-25,UK,Referral,Enterprise
210,2025-10-19,US,Paid Search,Free
211,2025-08-16,US,Paid Search,Starter
212,2025-04-25,AU,Organic,Pro
213,2025-01-20,US,Paid Social,Free
214,2025-07-17,US,Referral,Pro
215,2025-04-04,US,Organic,Starter
216,2025-08-17,UK,Paid Social,Starter
217,2025-10-16,US,Paid Social,Free
218,2025-04-29,CA,Organic,Free
219,2025-10-29,US,Partner,Free
220,2025-06-23,AU,Paid Search,Pro
221,2025-06-27,US,Organic,Pro
222,2025-09-13,IN,Organic,Free
223,2025-09-21,IN,Referral,Starter
224,2025-10-31,CA,Paid Search,Free
225,2025-11-30,CA,Paid Search,Pro
226,2025-02-20,IN,Organic,Starter
227,2025-05-18,US,Paid Social,Enterprise
228,2025-11-08,IN,Paid Search,Starter
229,2025-04-13,US,Referral,Free
230,2025-01-02,DE,Paid Social,Free
231,2025-07-12,US,Paid Social,Starter
232,2025-09-09,UK,Organic,Pro
233,2025-09-06,IN,Organic,Free
234,2025-09-28,US,Referral,Free
235,2025-08-04,IN,Partner,Free
236,2025-02-15,UK,Paid Social,Free
237,2025-10-10,US,Partner,Free
238,2025-05-20,US,Paid Social,Free
239,2025-10-11,US,Paid Social,Free
240,2025-09-30,US,Paid Search,Starter
241,2025-11-21,UK,Paid Search,Pro
242,2025-01-05,US,Paid Search,Enterprise
243,2025-10-17,AU,Organic,Free
244,2025-07-29,IN,Paid Search,Starter
245,2025-06-12,IN,Paid Search,Starter
246,2025-09-22,IN,Organic,Free
247,2025-11-15,IN,Paid Search,Starter
248,2025-06-21,US,Organic,Free
249,2025-01-30,IN,Paid Social,Free
250,2025-08-31,US,Referral,Free
251,2025-03-19,IN,Paid Social,Pro
252,2025-03-17,IN,Paid Social,Free
253,2025-03-06,UK,Paid Social,Starter
254,2025-03-08,CA,Organic,Starter
255,2025-10-31,US,Paid Search,Free
256,2025-05-02,CA,Referral,Pro
257,2025-02-05,US,Partner,Free
258,2025-03-01,US,Organic,Free
259,2025-05-12,US,Organic,Starter
260,2025-04-26,IN,Partner,Free
261,2025-04-14,IN,Referral,Starter
262,2025-11-13,US,Paid Social,Free
263,2025-10-17,US,Referral,Free
264,2025-07-11,US,Paid Social,Starter
265,2025-11-26,US,Partner,Free
266,2025-04-24,US,Organic,Pro
267,2025-02-15,UK,Paid Search,Free
268,2025-04-01,US,Paid Social,Free
269,2025-01-30,US,Organic,Pro
270,2025-11-14,US,Paid Social,Free
271,2025-03-15,AU,Organic,Free
272,2025-05-29,US,Paid Social,Free
273,2025-03-09,US,Referral,Pro
274,2025-11-24,CA,Paid Search,Free
275,2025-02-22,IN,Partner,Starter
276,2025-06-22,US,Paid Social,Pro
277,2025-11-14,DE,Paid Social,Starter
278,2025-06-24,US,Organic,Pro
279,2025-10-28,IN,Organic,Enterprise
280,2025-10-27,US,Paid Social,Free
281,2025-09-14,CA,Partner,Pro
282,2025-09-06,IN,Paid Social,Starter
283,2025-07-12,AU,Partner,Free
284,2025-07-13,US,Organic,Free
285,2025-10-05,US,Referral,Free
286,2025-05-23,IN,Referral,Free
287,2025-11-12,US,Paid Social,Pro
288,2025-10-21,US,Paid Search,Starter
289,2025-05-06,IN,Paid Social,Free
290,2025-05-18,US,Organic,Pro
291,2025-08-27,US,Paid Social,Starter
292,2025-11-05,US,Paid Social,Free
293,2025-02-02,US,Paid Search,Free
294,2025-01-23,CA,Organic,Free
295,2025-03-24,UK,Organic,Pro
296,2025-05-24,US,Organic,Starter
297,2025-02-24,US,Referral,Free
298,2025-06-23,IN,Organic,Starter
299,2025-06-30,IN,Organic,Starter
300,2025-11-14,UK,Organic,Starter
301,2025-09-07,US,Paid Search,Free
302,2025-03-25,UK,Paid Social,Free
303,2025-09-20,UK,Referral,Free
304,2025-09-27,US,Referral,Pro
305,2025-08-16,IN,Partner,Free
306,2025-08-14,US,Referral,Free
307,2025-04-14,CA,Paid Search,Starter
308,2025-08-28,US,Organic,Free
309,2025-02-15,UK,Partner,Pro
310,2025-07-30,DE,Organic,Free
311,2025-11-04,DE,Paid Social,Free
312,2025-11-21,US,Organic,Free
313,2025-04-10,IN,Referral,Free
314,2025-04-22,DE,Organic,Free
315,2025-07-26,US,Paid Search,Free
316,2025-05-14,US,Organic,Starter
317,2025-09-02,DE,Referral,Free
318,2025-03-09,US,Paid Social,Starter
319,2025-02-26,UK,Paid Social,Free
320,2025-01-17,DE,Organic,Starter
321,2025-06-06,CA,Organic,Pro
322,2025-03-13,IN,Referral,Enterprise
323,2025-04-11,CA,Referral,Starter
324,2025-11-02,CA,Paid Social,Enterprise
325,2025-09-29,US,Partner,Free
326,2025-10-08,IN,Paid Search,Free
327,2025-07-18,US,Organic,Free
328,2025-02-07,AU,Paid Social,Starter
329,2025-09-07,US,Organic,Pro
330,2025-07-21,IN,Paid Search,Free
331,2025-10-31,IN,Paid Search,Free
332,2025-06-10,US,Paid Search,Starter
333,2025-02-27,IN,Partner,Free
334,2025-07-18,UK,Referral,Pro
335,2025-06-02,US,Paid Search,Free
336,2025-08-09,CA,Referral,Free
337,2025-05-06,US,Referral,Free
338,2025-04-13,UK,Referral,Free
339,2025-02-11,US,Paid Search,Starter
340,2025-11-18,US,Referral,Free
341,2025-09-10,US,Paid Search,Free
342,2025-06-05,UK,Organic,Starter
343,2025-03-20,IN,Organic,Starter
344,2025-07-29,IN,Paid Social,Free
345,2025-05-18,US,Paid Search,Free
346,2025-08-01,UK,Paid Search,Free
347,2025-01-31,US,Paid Search,Free
348,2025-03-03,US,Organic,Free
349,2025-09-03,IN,Organic,Free
350,2025-01-21,US,Organic,Pro
351,2025-08-15,IN,Paid Social,Free
352,2025-05-18,AU,Paid Search,Starter
353,2025-01-02,US,Paid Search,Starter
354,2025-09-13,DE,Partner,Free
355,2025-08-22,US,Paid Social,Starter
356,2025-09-30,IN,Referral,Free
357,2025-10-27,US,Referral,Free
358,2025-09-01,US,Partner,Free
359,2025-10-08,DE,Organic,Pro
360,2025-02-07,US,Paid Search,Free
361,2025-11-03,US,Partner,Free
362,2025-11-02,CA,Paid Search,Starter
363,2025-08-20,US,Partner,Free
364,2025-09-25,UK,Organic,Starter
365,2025-09-05,DE,Organic,Free
366,2025-10-21,IN,Referral,Free
367,2025-10-25,US,Paid Search,Pro
368,2025-06-24,UK,Paid Search,Free
369,2025-09-30,IN,Partner,Free
370,2025-11-02,CA,Organic,Pro
371,2025-04-10,DE,Partner,Free
372,2025-01-16,US,Paid Search,Enterprise
373,2025-02-26,IN,Organic,Free
374,2025-01-11,UK,Organic,Starter
375,2025-05-26,IN,Paid Search,Starter
376,2025-01-07,IN,Paid Search,Starter
377,2025-03-28,IN,Referral,Pro
378,2025-03-26,US,Organic,Free
379,2025-08-25,DE,Organic,Starter
380,2025-03-25,US,Organic,Pro
381,2025-11-14,US,Paid Social,Free
382,2025-03-04,US,Referral,Starter
383,2025-11-21,UK,Paid Search,Free
384,2025-07-09,UK,Paid Social,Free
385,2025-03-23,IN,Paid Social,Starter
386,2025-01-14,US,Organic,Starter
387,2025-04-13,US,Organic,Starter
388,2025-07-17,US,Partner,Pro
389,2025-02-06,IN,Paid Search,Starter
390,2025-02-25,UK,Partner,Enterprise
391,2025-02-08,CA,Paid Search,Starter
392,2025-08-15,DE,Organic,Free
393,2025-01-30,AU,Organic,Free
394,2025-01-08,US,Organic,Free
395,2025-06-02,US,Paid Search,Free
396,2025-04-14,CA,Paid Search,Free
397,2025-07-10,IN,Paid Search,Starter
398,2025-11-10,UK,Paid Search,Starter
399,2025-10-14,US,Paid Search,Starter
400,2025-06-29,US,Organic,Free
401,2025-08-03,US,Organic,Free
402,2025-09-29,UK,Partner,Free
403,2025-05-27,UK,Organic,Pro
404,2025-08-08,IN,Paid Social,Free
405,2025-03-14,US,Paid Search,Free
406,2025-07-23,US,Paid Social,Starter
407,2025-03-21,UK,Paid Search,Free
408,2025-03-05,IN,Paid Search,Pro
409,2025-09-12,AU,Paid Search,Free
410,2025-07-11,CA,Partner,Free
411,2025-05-06,IN,Paid Search,Free
412,2025-01-14,CA,Organic,Free
413,2025-03-21,IN,Organic,Starter
414,2025-09-25,US,Referral,Free
415,2025-06-06,US,Organic,Free
416,2025-11-17,IN,Organic,Starter
417,2025-10-28,US,Paid Social,Free
418,2025-10-13,IN,Referral,Pro
419,2025-01-06,UK,Paid Social,Starter
420,2025-01-17,CA,Organic,Starter
421,2025-07-13,US,Paid Search,Pro
422,2025-04-24,IN,Organic,Pro
423,2025-10-09,US,Organic,Free
424,2025-04-17,IN,Partner,Starter
425,2025-02-21,IN,Paid Search,Free
426,2025-02-07,US,Organic,Free
427,2025-04-11,US,Referral,Free
428,2025-07-29,IN,Partner,Free
429,2025-02-12,CA,Referral,Free
430,2025-09-24,US,Organic,Free
431,2025-04-12,CA,Organic,Starter
432,2025-04-15,US,Paid Search,Free
433,2025-08-10,US,Paid Social,Free
434,2025-10-16,UK,Referral,Free
435,2025-05-26,IN,Partner,Free
436,2025-09-24,IN,Partner,Starter
437,2025-04-12,US,Paid Search,Free
438,2025-02-13,CA,Paid Social,Starter
439,2025-10-04,CA,Organic,Free
440,2025-09-14,IN,Paid Search,Free
441,2025-09-08,US,Organic,Pro
442,2025-10-22,CA,Organic,Free
443,2025-06-16,IN,Organic,Starter
444,2025-03-07,US,Organic,Free
445,2025-07-15,US,Organic,Free
446,2025-07-11,UK,Paid Social,Free
447,2025-05-09,US,Organic,Pro
448,2025-08-02,IN,Organic,Free
449,2025-03-29,US,Paid Social,Starter
450,2025-07-23,US,Paid Social,Free
451,2025-09-23,US,Paid Social,Pro
452,2025-02-02,DE,Paid Social,Free
453,2025-06-01,US,Paid Social,Free
454,2025-08-09,IN,Paid Search,Starter
455,2025-01-18,IN,Paid Social,Pro
456,2025-07-31,IN,Organic,Free
457,2025-11-01,US,Organic,Free
458,2025-10-03,US,Paid Social,Free
459,2025-08-17,US,Organic,Starter
460,2025-09-26,IN,Paid Search,Free
461,2025-05-01,DE,Organic,Starter
462,2025-04-20,US,Paid Search,Starter
463,2025-01-28,AU,Referral,Starter
464,2025-08-30,IN,Paid Social,Free
465,2025-04-16,IN,Paid Search,Free
466,2025-10-17,DE,Organic,Free
467,2025-06-05,IN,Referral,Free
468,2025-10-26,IN,Paid Social,Free
469,2025-02-16,US,Paid Search,Enterprise
470,2025-02-23,US,Referral,Free
471,2025-04-26,DE,Paid Social,Enterprise
472,2025-01-09,US,Partner,Free
473,2025-06-14,US,Paid Social,Free
474,2025-08-06,IN,Referral,Free
475,2025-08-09,UK,Paid Search,Free
476,2025-03-13,CA,Paid Social,Pro
477,2025-02-24,IN,Referral,Pro
478,2025-07-08,US,Organic,Enterprise
479,2025-07-31,IN,Paid Search,Free
480,2025-11-12,IN,Paid Social,Free
481,2025-10-27,US,Organic,Starter
482,2025-05-07,US,Referral,Pro
483,2025-02-24,US,Paid Social,Free
484,2025-03-26,IN,Partner,Pro
485,2025-10-22,US,Paid Search,Free
486,2025-06-02,US,Paid Search,Starter
487,2025-11-28,IN,Partner,Free
488,2025-08-08,UK,Paid Search,Pro
489,2025-07-18,AU,Referral,Pro
490,2025-02-03,DE,Paid Search,Free
491,2025-07-17,US,Paid Search,Free
492,2025-05-08,US,Organic,Free
493,2025-10-09,CA,Organic,Free
494,2025-02-14,US,Paid Search,Free
495,2025-03-06,CA,Organic,Free
496,2025-08-10,DE,Referral,Free
497,2025-08-16,AU,Partner,Free
498,2025-10-05,UK,Organic,Free
499,2025-06-25,US,Organic,Pro
500,2025-05-06,US,Organic,Free
501,2025-04-13,IN,Partner,Enterprise
502,2025-05-05,US,Organic,Free
503,2025-08-10,UK,Paid Social,Free
504,2025-06-30,US,Organic,Enterprise
505,2025-04-09,IN,Organic,Free
506,2025-03-13,US,Organic,Free
507,2025-08-26,US,Paid Social,Free
508,2025-03-24,UK,Organic,Pro
509,2025-03-11,DE,Referral,Free
510,2025-04-21,IN,Paid Search,Free
511,2025-10-13,DE,Organic,Free
512,2025-06-02,US,Organic,Free
513,2025-07-18,US,Paid Social,Pro
514,2025-01-28,AU,Paid Social,Free
515,2025-04-26,IN,Organic,Starter
516,2025-09-09,US,Paid Search,Pro
517,2025-09-16,DE,Paid Search,Free
518,2025-07-13,US,Partner,Free
519,2025-10-20,CA,Paid Search,Starter
520,2025-04-11,CA,Referral,Starter
521,2025-02-24,UK,Paid Social,Free
522,2025-01-26,IN,Paid Search,Free
523,2025-03-08,AU,Paid Search,Free
524,2025-09-12,US,Paid Social,Starter
525,2025-10-29,DE,Paid Search,Free
526,2025-02-13,CA,Paid Social,Enterprise
527,2025-06-17,US,Organic,Free
528,2025-02-14,US,Paid Search,Free
529,2025-10-10,CA,Referral,Free
530,2025-02-13,US,Paid Search,Free
531,2025-08-02,US,Referral,Free
532,2025-01-28,US,Partner,Starter
533,2025-09-04,US,Paid Search,Pro
534,2025-10-30,US,Organic,Free
535,2025-09-02,IN,Paid Social,Pro
536,2025-03-31,IN,Paid Social,Free
537,2025-10-09,US,Organic,Free
538,2025-04-13,UK,Referral,Free
539,2025-09-09,IN,Paid Search,Pro
540,2025-10-06,US,Organic,Free
541,2025-06-12,UK,Organic,Starter
542,2025-07-27,US,Organic,Free
543,2025-10-13,AU,Paid Social,Starter
544,2025-03-04,IN,Referral,Free
545,2025-01-07,US,Organic,Free
546,2025-05-26,IN,Organic,Starter
547,2025-03-02,AU,Paid Social,Free
548,2025-10-23,IN,Paid Search,Starter
549,2025-10-17,UK,Paid Search,Pro
550,2025-05-06,IN,Referral,Free
551,2025-04-14,US,Partner,Free
552,2025-08-26,AU,Partner,Free
553,2025-06-01,US,Referral,Free
554,2025-02-02,CA,Organic,Free
555,2025-08-10,AU,Organic,Free
556,2025-08-31,US,Paid Social,Starter
557,2025-01-24,US,Partner,Pro
558,2025-09-17,IN,Organic,Starter
559,2025-06-28,IN,Paid Search,Free
560,2025-10-03,AU,Paid Search,Free
561,2025-10-11,US,Paid Search,Starter
562,2025-08-14,AU,Organic,Pro
563,2025-04-22,US,Organic,Starter
564,2025-05-04,AU,Organic,Starter
565,2025-08-30,UK,Organic,Free
566,2025-01-22,UK,Paid Search,Pro
567,2025-03-19,US,Paid Search,Free
568,2025-06-23,US,Paid Social,Free
569,2025-11-11,DE,Paid Social,Pro
570,2025-09-10,CA,Partner,Free
571,2025-09-30,DE,Paid Search,Pro
572,2025-03-05,US,Referral,Free
573,2025-04-04,US,Paid Search,Free
574,2025-03-30,UK,Paid Social,Starter
575,2025-09-08,UK,Referral,Pro
576,2025-06-29,IN,Paid Search,Free
577,2025-03-12,IN,Paid Search,Pro
578,2025-09-07,US,Paid Social,Free
579,2025-08-02,DE,Organic,Pro
580,2025-10-27,US,Paid Search,Free
581,2025-07-06,AU,Organic,Free
582,2025-02-11,US,Organic,Free
583,2025-10-24,US,Paid Social,Starter
584,2025-03-03,CA,Partner,Free
585,2025-01-19,UK,Partner,Starter
586,2025-09-25,AU,Organic,Free
587,2025-05-31,UK,Organic,Starter
588,2025-08-04,AU,Paid Search,Enterprise
589,2025-02-13,US,Paid Search,Free
590,2025-08-29,AU,Paid Search,Free
591,2025-05-16,US,Referral,Pro
592,2025-11-29,UK,Paid Social,Pro
593,2025-08-01,CA,Paid Search,Pro
594,2025-11-10,UK,Paid Social,Free
595,2025-09-22,US,Paid Social,Starter
596,2025-10-09,CA,Paid Social,Free
597,2025-01-30,US,Partner,Free
598,2025-09-17,US,Partner,Starter
599,2025-07-21,US,Partner,Free
600,2025-05-12,AU,Referral,Free
601,2025-04-15,IN,Organic,Free
602,2025-08-03,US,Paid Search,Free
603,2025-03-08,US,Referral,Free
604,2025-03-03,UK,Organic,Pro
605,2025-10-19,US,Paid Social,Free
606,2025-09-11,IN,Organic,Enterprise
607,2025-07-17,US,Organic,Pro
608,2025-09-11,US,Paid Search,Enterprise
609,2025-04-18,CA,Organic,Pro
610,2025-08-29,US,Paid Search,Free
611,2025-03-10,US,Organic,Free
612,2025-05-29,US,Referral,Free
613,2025-02-19,DE,Organic,Free
614,2025-05-07,IN,Paid Search,Free
615,2025-04-24,US,Referral,Pro
616,2025-05-21,IN,Paid Search,Pro
617,2025-06-09,US,Organic,Pro
618,2025-01-12,UK,Organic,Free
619,2025-04-25,US,Paid Social,Pro
620,2025-10-10,US,Organic,Pro
621,2025-05-25,IN,Organic,Free
622,2025-07-01,DE,Paid Social,Free
623,2025-02-04,US,Paid Search,Free
624,2025-05-10,US,Organic,Free
625,2025-11-20,IN,Paid Search,Pro
626,2025-07-03,IN,Paid Social,Free
627,2025-01-07,UK,Organic,Free
628,2025-08-30,IN,Organic,Free
629,2025-09-15,IN,Organic,Pro
630,2025-05-08,DE,Referral,Free
631,2025-01-11,UK,Organic,Starter
632,2025-10-05,US,Paid Search,Free
633,2025-03-26,US,Organic,Starter
634,2025-11-04,UK,Paid Social,Pro
635,2025-05-02,IN,Referral,Pro
636,2025-05-10,US,Organic,Pro
637,2025-09-23,US,Referral,Free
638,2025-02-16,US,Paid Social,Free
639,2025-01-10,AU,Organic,Free
640,2025-09-11,US,Partner,Free
641,2025-11-06,IN,Organic,Free
642,2025-11-28,US,Referral,Pro
643,2025-02-12,AU,Organic,Free
644,2025-02-19,AU,Paid Search,Free
645,2025-04-24,CA,Paid Search,Pro
646,2025-08-27,US,Referral,Pro
647,2025-11-01,US,Referral,Enterprise
648,2025-10-03,DE,Paid Search,Free
649,2025-05-06,US,Organic,Free
650,2025-11-04,US,Paid Search,Pro
651,2025-03-27,CA,Paid Search,Free
652,2025-02-11,US,Partner,Pro
653,2025-05-26,IN,Paid Social,Free
654,2025-01-31,IN,Paid Search,Free
655,2025-08-15,IN,Paid Search,Starter
656,2025-11-26,IN,Referral,Starter
657,2025-02-05,UK,Organic,Starter
658,2025-02-08,US,Referral,Starter
659,2025-03-01,IN,Paid Social,Starter
660,2025-03-01,DE,Paid Search,Free
661,2025-06-28,DE,Paid Social,Free
662,2025-07-12,AU,Paid Search,Free
663,2025-11-14,IN,Organic,Starter
664,2025-05-30,US,Paid Search,Free
665,2025-11-06,AU,Organic,Free
666,2025-09-08,CA,Organic,Free
667,2025-10-13,US,Paid Search,Free
668,2025-03-05,US,Referral,Free
669,2025-06-01,US,Organic,Pro
670,2025-11-02,CA,Paid Search,Enterprise
671,2025-09-08,US,Partner,Free
672,2025-03-14,US,Referral,Free
673,2025-10-10,IN,Partner,Free
674,2025-09-14,AU,Paid Social,Free
675,2025-02-18,AU,Paid Social,Free
676,2025-01-23,IN,Paid Social,Free
677,2025-03-28,US,Paid Social,Free
678,2025-06-08,CA,Paid Search,Free
679,2025-02-21,US,Paid Search,Starter
680,2025-01-11,US,Organic,Free
681,2025-02-06,IN,Organic,Pro
682,2025-04-15,US,Paid Search,Pro
683,2025-05-11,DE,Referral,Free
684,2025-04-15,IN,Paid Search,Starter
685,2025-05-30,CA,Organic,Enterprise
686,2025-08-29,IN,Referral,Free
687,2025-03-24,US,Organic,Starter
688,2025-06-01,US,Partner,Free
689,2025-09-01,CA,Paid Social,Free
690,2025-01-19,US,Paid Search,Free
691,2025-11-10,US,Paid Search,Free
692,2025-11-29,US,Referral,Starter
693,2025-04-07,IN,Organic,Free
694,2025-10-24,US,Organic,Free
695,2025-03-26,US,Paid Search,Pro
696,2025-11-03,IN,Organic,Free
697,2025-08-09,US,Paid Search,Free
698,2025-03-24,IN,Paid Search,Enterprise
699,2025-01-21,IN,Organic,Starter
700,2025-05-12,UK,Partner,Starter
701,2025-09-06,US,Paid Social,Free
702,2025-03-17,US,Organic,Starter
703,2025-06-21,US,Paid Social,Free
704,2025-02-11,US,Paid Search,Starter
705,2025-05-22,US,Paid Social,Free
706,2025-01-12,US,Paid Social,Free
707,2025-11-26,IN,Partner,Pro
708,2025-06-18,UK,Organic,Starter
709,2025-10-09,IN,Partner,Enterprise
710,2025-02-11,DE,Paid Search,Free
711,2025-02-26,US,Organic,Free
712,2025-02-28,UK,Paid Search,Free
713,2025-07-09,US,Paid Search,Free
714,2025-10-15,US,Referral,Free
715,2025-07-22,IN,Paid Search,Free
716,2025-06-11,US,Organic,Free
717,2025-11-11,US,Paid Social,Free
718,2025-03-03,US,Paid Search,Pro
719,2025-02-25,AU,Referral,Free
720,2025-08-12,CA,Organic,Pro
721,2025-10-13,US,Referral,Free
722,2025-03-30,DE,Referral,Free
723,2025-03-29,US,Organic,Enterprise
724,2025-06-25,IN,Paid Search,Free
725,2025-09-17,CA,Organic,Free
726,2025-04-05,UK,Paid Search,Starter
727,2025-10-03,CA,Organic,Free
728,2025-06-22,AU,Referral,Free
729,2025-08-24,IN,Organic,Starter
730,2025-07-29,IN,Paid Social,Starter
731,2025-06-10,US,Paid Social,Free
732,2025-06-29,CA,Paid Search,Starter
733,2025-11-29,US,Organic,Free
734,2025-05-13,US,Partner,Pro
735,2025-11-12,US,Organic,Free
736,2025-09-22,US,Organic,Free
737,2025-03-02,IN,Paid Search,Starter
738,2025-10-19,DE,Paid Social,Free
739,2025-05-08,IN,Paid Search,Pro
740,2025-03-01,AU,Organic,Enterprise
741,2025-03-26,US,Paid Search,Free
742,2025-02-15,US,Paid Social,Pro
743,2025-04-24,US,Paid Social,Free
744,2025-02-07,US,Paid Search,Enterprise
745,2025-07-01,US,Organic,Free
746,2025-11-24,DE,Organic,Free
747,2025-11-19,US,Paid Search,Free
748,2025-11-11,US,Paid Social,Free
749,2025-03-23,CA,Paid Search,Free
750,2025-03-19,AU,Partner,Enterprise
751,2025-08-15,UK,Organic,Starter
752,2025-11-20,DE,Referral,Starter
753,2025-10-03,US,Paid Social,Starter
754,2025-03-11,US,Referral,Free
755,2025-09-03,US,Partner,Pro
756,2025-06-19,US,Organic,Starter
757,2025-05-28,DE,Partner,Free
758,2025-06-16,IN,Paid Search,Free
759,2025-07-02,AU,Paid Social,Free
760,2025-11-02,US,Partner,Free
761,2025-09-22,US,Paid Social,Free
762,2025-01-14,IN,Paid Social,Free
763,2025-09-12,IN,Organic,Pro
764,2025-04-16,UK,Paid Social,Free
765,2025-04-23,US,Organic,Starter
766,2025-07-20,US,Paid Search,Free
767,2025-11-25,UK,Paid Search,Starter
768,2025-01-23,IN,Partner,Starter
769,2025-06-21,US,Paid Social,Free
770,2025-03-21,US,Paid Social,Enterprise
771,2025-11-02,US,Organic,Free
772,2025-06-05,US,Organic,Free
773,2025-10-13,IN,Referral,Starter
774,2025-10-22,UK,Organic,Free
775,2025-02-03,IN,Partner,Pro
776,2025-09-12,US,Paid Search,Free
777,2025-09-21,US,Paid Search,Free
778,2025-10-04,IN,Paid Search,Starter
779,2025-11-26,AU,Paid Search,Pro
780,2025-09-12,US,Paid Search,Pro
781,2025-10-06,US,Paid Search,Free
782,2025-08-25,UK,Paid Social,Starter
783,2025-04-09,AU,Organic,Free
784,2025-10-11,CA,Organic,Starter
785,2025-08-22,US,Paid Search,Free
786,2025-08-16,IN,Organic,Pro
787,2025-11-22,CA,Paid Search,Starter
788,2025-09-03,DE,Paid Search,Free
789,2025-04-24,UK,Referral,Free
790,2025-04-11,US,Organic,Free
791,2025-04-20,US,Paid Search,Enterprise
792,2025-02-25,US,Referral,Free
793,2025-01-28,US,Paid Search,Starter
794,2025-09-10,US,Referral,Enterprise
795,2025-09-19,US,Paid Social,Free
796,2025-02-25,US,Organic,Enterprise
797,2025-05-12,US,Paid Search,Free
798,2025-11-04,IN,Referral,Free
799,2025-10-07,US,Paid Search,Free
800,2025-07-19,US,Paid Social,Starter
801,2025-11-21,IN,Partner,Free
802,2025-04-21,UK,Paid Social,Pro
803,2025-10-09,US,Paid Search,Starter
804,2025-11-09,US,Referral,Starter
805,2025-07-17,UK,Paid Search,Free
806,2025-02-21,US,Organic,Starter
807,2025-04-09,IN,Organic,Starter
808,2025-06-21,IN,Paid Social,Free
809,2025-04-04,US,Partner,Free
810,2025-01-31,US,Paid Social,Pro
811,2025-02-26,IN,Organic,Pro
812,2025-11-19,US,Partner,Free
813,2025-05-08,AU,Paid Search,Free
814,2025-07-12,IN,Organic,Pro
815,2025-05-27,IN,Paid Search,Free
816,2025-09-26,IN,Paid Search,Enterprise
817,2025-02-03,CA,Organic,Pro
818,2025-04-05,IN,Paid Social,Free
819,2025-07-15,CA,Paid Social,Pro
820,2025-09-25,US,Partner,Starter
821,2025-06-04,CA,Organic,Starter
822,2025-08-23,US,Partner,Pro
823,2025-09-25,DE,Referral,Starter
824,2025-08-03,IN,Organic,Enterprise
825,2025-10-01,US,Paid Search,Free
826,2025-11-14,US,Paid Social,Free
827,2025-03-14,US,Organic,Starter
828,2025-05-25,CA,Organic,Free
829,2025-03-17,IN,Referral,Starter
830,2025-05-19,IN,Organic,Starter
831,2025-01-01,IN,Paid Search,Starter
832,2025-08-20,DE,Paid Search,Pro
833,2025-03-20,AU,Partner,Starter
834,2025-10-06,US,Paid Search,Pro
835,2025-08-29,US,Paid Search,Pro
836,2025-04-22,US,Partner,Pro
837,2025-06-01,IN,Paid Search,Free
838,2025-08-12,US,Paid Social,Free
839,2025-05-20,US,Organic,Starter
840,2025-03-11,US,Paid Social,Free
841,2025-01-15,US,Paid Social,Pro
842,2025-07-04,DE,Referral,Free
843,2025-06-27,US,Paid Search,Starter
844,2025-09-14,US,Organic,Free
845,2025-02-13,IN,Paid Social,Starter
846,2025-01-22,IN,Partner,Pro
847,2025-09-03,UK,Organic,Pro
848,2025-09-01,UK,Organic,Free
849,2025-09-24,US,Organic,Free
850,2025-01-06,IN,Partner,Starter
851,2025-08-07,DE,Organic,Free
852,2025-11-17,CA,Organic,Free
853,2025-09-13,US,Organic,Enterprise
854,2025-06-06,US,Referral,Pro
855,2025-06-08,US,Paid Search,Free
856,2025-05-17,US,Paid Social,Starter
857,2025-01-19,US,Paid Social,Enterprise
858,2025-08-29,US,Paid Search,Free
859,2025-06-29,US,Paid Social,Pro
860,2025-06-24,US,Paid Search,Pro
861,2025-11-08,US,Paid Search,Pro
862,2025-09-02,US,Organic,Free
863,2025-11-17,US,Organic,Pro
864,2025-01-29,UK,Paid Social,Enterprise
865,2025-11-14,CA,Organic,Free
866,2025-07-07,US,Organic,Starter
867,2025-05-15,IN,Referral,Free
868,2025-07-06,CA,Paid Search,Starter
869,2025-01-13,CA,Organic,Starter
870,2025-11-08,DE,Paid Social,Starter
871,2025-07-30,DE,Paid Search,Pro
872,2025-01-14,IN,Organic,Free
873,2025-11-02,IN,Paid Search,Free
874,2025-06-01,AU,Paid Social,Pro
875,2025-02-09,DE,Organic,Free
876,2025-07-30,US,Partner,Free
877,2025-01-23,AU,Referral,Free
878,2025-07-03,US,Paid Search,Pro
879,2025-09-12,US,Partner,Free
880,2025-01-25,US,Organic,Pro
881,2025-09-22,US,Organic,Starter
882,2025-07-18,US,Partner,Pro
883,2025-04-19,AU,Paid Search,Pro
884,2025-03-16,DE,Organic,Pro
885,2025-01-04,DE,Paid Search,Free
886,2025-03-07,US,Paid Social,Free
887,2025-04-06,UK,Paid Social,Starter
888,2025-10-21,IN,Organic,Starter
889,2025-06-21,US,Organic,Pro
890,2025-03-08,US,Paid Search,Pro
891,2025-09-06,US,Organic,Free
892,2025-06-01,CA,Organic,Free
893,2025-10-06,US,Paid Social,Starter
894,2025-09-08,UK,Paid Search,Starter
895,2025-11-08,US,Organic,Free
896,2025-08-25,AU,Referral,Free
897,2025-02-06,UK,Paid Search,Free
898,2025-07-04,AU,Referral,Free
899,2025-05-22,US,Paid Social,Free
900,2025-09-27,AU,Paid Social,Free
901,2025-02-21,DE,Paid Search,Free
902,2025-06-05,DE,Paid Social,Free
903,2025-10-03,US,Organic,Free
904,2025-07-27,IN,Organic,Free
905,2025-01-13,UK,Referral,Free
906,2025-10-01,US,Organic,Free
907,2025-05-03,US,Paid Search,Pro
908,2025-08-15,CA,Paid Social,Pro
909,2025-08-07,CA,Paid Search,Free
910,2025-08-03,US,Paid Search,Free
911,2025-05-20,US,Partner,Free
912,2025-05-16,US,Organic,Starter
913,2025-02-03,IN,Organic,Free
914,2025-07-06,US,Referral,Starter
915,2025-04-08,US,Organic,Starter
916,2025-05-13,CA,Paid Search,Starter
917,2025-02-25,US,Referral,Pro
918,2025-09-06,US,Paid Search,Free
919,2025-11-05,IN,Partner,Free
920,2025-05-08,US,Referral,Free
921,2025-05-22,UK,Referral,Starter
922,2025-06-05,US,Organic,Starter
923,2025-01-25,US,Organic,Free
924,2025-09-10,IN,Paid Social,Free
925,2025-10-22,IN,Referral,Free
926,2025-06-18,US,Organic,Free
927,2025-01-21,US,Organic,Free
928,2025-04-23,US,Organic,Free
929,2025-02-22,US,Organic,Enterprise
930,2025-10-04,AU,Paid Search,Free
931,2025-09-25,IN,Paid Search,Starter
932,2025-05-08,DE,Paid Social,Free
933,2025-05-06,AU,Organic,Free
934,2025-10-10,US,Organic,Free
935,2025-01-30,US,Organic,Free
936,2025-09-20,CA,Organic,Pro
937,2025-11-18,AU,Organic,Free
938,2025-05-30,US,Partner,Free
939,2025-09-09,US,Paid Search,Enterprise
940,2025-08-27,IN,Organic,Pro
941,2025-10-27,US,Paid Social,Free
942,2025-01-12,US,Partner,Free
943,2025-08-24,US,Referral,Starter
944,2025-05-11,IN,Paid Social,Free
945,2025-10-14,US,Paid Search,Free
946,2025-10-15,US,Paid Search,Free
947,2025-04-06,US,Organic,Pro
948,2025-07-13,UK,Referral,Free
949,2025-06-14,US,Referral,Enterprise
950,2025-07-06,IN,Paid Search,Free
951,2025-10-05,US,Referral,Free
952,2025-08-11,AU,Paid Social,Free
953,2025-09-10,US,Paid Social,Pro
954,2025-08-15,IN,Organic,Pro
955,2025-03-25,US,Organic,Free
956,2025-07-14,DE,Organic,Starter
957,2025-05-07,IN,Partner,Free
958,2025-05-21,US,Referral,Starter
959,2025-02-07,US,Referral,Free
960,2025-03-03,UK,Referral,Enterprise
961,2025-04-25,CA,Referral,Free
962,2025-04-08,CA,Paid Search,Pro
963,2025-08-01,IN,Referral,Free
964,2025-04-08,CA,Organic,Starter
965,2025-03-24,CA,Paid Social,Free
966,2025-05-24,CA,Organic,Starter
967,2025-07-09,CA,Partner,Starter
968,2025-11-30,US,Referral,Starter
969,2025-06-20,US,Organic,Free
970,2025-04-28,US,Referral,Free
971,2025-04-18,US,Referral,Enterprise
972,2025-05-30,US,Organic,Free
973,2025-11-06,IN,Paid Search,Free
974,2025-05-05,US,Paid Search,Free
975,2025-03-24,US,Paid Social,Starter
976,2025-07-14,CA,Referral,Enterprise
977,2025-09-16,US,Paid Social,Free
978,2025-11-13,US,Organic,Free
979,2025-04-04,US,Paid Search,Free
980,2025-10-24,CA,Paid Search,Free
981,2025-10-13,AU,Organic,Free
982,2025-05-06,IN,Organic,Free
983,2025-04-22,IN,Paid Search,Free
984,2025-03-31,US,Organic,Enterprise
985,2025-04-16,CA,Organic,Free
986,2025-10-23,US,Paid Social,Starter
987,2025-04-14,US,Partner,Free
988,2025-06-14,IN,Paid Search,Free
989,2025-11-09,US,Paid Social,Pro
990,2025-08-17,US,Referral,Free
991,2025-02-13,AU,Paid Social,Free
992,2025-01-25,UK,Paid Social,Pro
993,2025-03-16,US,Organic,Free
994,2025-10-17,IN,Referral,Free
995,2025-03-17,US,Organic,Enterprise
996,2025-04-15,UK,Organic,Free
997,2025-06-30,US,Paid Search,Pro
998,2025-06-15,IN,Paid Social,Free
999,2025-01-26,US,Paid Social,Starter
1000,2025-03-08,US,Organic,Free
1001,2025-11-29,IN,Partner,Free
1002,2025-05-21,IN,Paid Social,Enterprise
1003,2025-04-03,IN,Referral,Pro
1004,2025-10-04,IN,Paid Search,Free
1005,2025-06-05,US,Organic,Starter
1006,2025-10-04,US,Organic,Free
1007,2025-02-23,CA,Paid Social,Free
1008,2025-06-08,US,Paid Search,Free
1009,2025-09-28,IN,Paid Search,Starter
1010,2025-09-14,US,Paid Search,Starter
1011,2025-08-15,US,Organic,Starter
1012,2025-06-02,US,Paid Search,Pro
1013,2025-10-03,US,Organic,Free
1014,2025-05-05,CA,Referral,Free
1015,2025-08-09,US,Organic,Free
1016,2025-07-02,IN,Partner,Free
1017,2025-04-11,AU,Referral,Enterprise
1018,2025-03-09,US,Paid Search,Free
1019,2025-06-27,IN,Referral,Starter
1020,2025-04-16,IN,Paid Social,Pro
1021,2025-06-22,US,Paid Search,Pro
1022,2025-08-24,IN,Referral,Starter
1023,2025-09-25,IN,Referral,Starter
1024,2025-09-15,UK,Organic,Free
1025,2025-06-20,US,Partner,Starter
1026,2025-01-19,IN,Organic,Free
1027,2025-03-02,IN,Organic,Starter
1028,2025-09-02,US,Paid Search,Free
1029,2025-07-18,US,Organic,Enterprise
1030,2025-10-01,IN,Paid Search,Free
1031,2025-06-13,AU,Paid Search,Pro
1032,2025-05-29,US,Paid Search,Pro
1033,2025-03-23,UK,Partner,Free
1034,2025-01-21,US,Partner,Pro
1035,2025-02-17,IN,Paid Search,Starter
1036,2025-08-17,US,Organic,Starter
1037,2025-07-13,US,Paid Social,Free
1038,2025-03-24,US,Organic,Free
1039,2025-05-02,US,Paid Search,Free
1040,2025-08-03,IN,Paid Social,Free
1041,2025-05-08,US,Organic,Starter
1042,2025-05-06,CA,Referral,Starter
1043,2025-04-01,IN,Paid Social,Starter
1044,2025-08-01,US,Paid Search,Free
1045,2025-10-25,US,Organic,Free
1046,2025-03-28,IN,Paid Search,Pro
1047,2025-04-08,US,Organic,Enterprise
1048,2025-06-09,IN,Referral,Free
1049,2025-03-05,IN,Paid Social,Free
1050,2025-06-25,US,Organic,Free
1051,2025-10-23,UK,Referral,Enterprise
1052,2025-07-30,UK,Paid Social,Free
1053,2025-02-24,AU,Organic,Pro
1054,2025-03-09,US,Paid Search,Pro
1055,2025-01-26,US,Paid Search,Free
1056,2025-11-18,US,Partner,Starter
1057,2025-04-26,US,Paid Search,Free
1058,2025-04-07,US,Paid Search,Starter
1059,2025-10-14,IN,Partner,Free
1060,2025-04-13,IN,Paid Search,Pro
1061,2025-03-19,US,Referral,Free
1062,2025-03-27,AU,Organic,Pro
1063,2025-05-13,CA,Paid Search,Starter
1064,2025-01-23,US,Organic,Free
1065,2025-08-03,US,Referral,Enterprise
1066,2025-05-22,IN,Paid Search,Free
1067,2025-11-21,US,Organic,Pro
1068,2025-09-15,UK,Organic,Enterprise
1069,2025-05-09,IN,Paid Search,Pro
1070,2025-08-25,US,Organic,Starter
1071,2025-09-27,IN,Paid Search,Starter
1072,2025-03-07,US,Paid Social,Pro
1073,2025-02-23,DE,Organic,Free
1074,2025-02-15,IN,Organic,Pro
1075,2025-01-16,IN,Paid Search,Pro
1076,2025-04-18,IN,Organic,Pro
1077,2025-09-23,DE,Referral,Free
1078,2025-09-14,IN,Organic,Starter
1079,2025-05-07,US,Paid Social,Free
1080,2025-06-13,CA,Paid Search,Free
1081,2025-09-14,US,Paid Social,Free
1082,2025-11-05,US,Referral,Starter
1083,2025-04-05,US,Organic,Free
1084,2025-08-08,DE,Paid Social,Pro
1085,2025-07-18,DE,Partner,Free
1086,2025-07-27,US,Paid Search,Free
1087,2025-09-26,IN,Paid Social,Pro
1088,2025-09-14,US,Paid Search,Free
1089,2025-05-13,US,Organic,Free
1090,2025-09-08,IN,Paid Social,Pro
1091,2025-01-19,IN,Referral,Free
1092,2025-04-25,DE,Organic,Enterprise
1093,2025-03-14,US,Organic,Free
1094,2025-03-27,CA,Paid Search,Pro
1095,2025-10-29,IN,Paid Social,Free
1096,2025-05-27,US,Paid Search,Enterprise
1097,2025-01-25,IN,Partner,Free
1098,2025-06-13,IN,Referral,Pro
1099,2025-01-24,CA,Partner,Free
1100,2025-02-17,IN,Paid Social,Free
1101,2025-05-09,US,Paid Social,Starter
1102,2025-05-28,DE,Partner,Starter
1103,2025-03-19,UK,Organic,Starter
1104,2025-08-02,US,Paid Search,Starter
1105,2025-06-15,UK,Organic,Free
1106,2025-02-15,UK,Referral,Free
1107,2025-10-02,UK,Organic,Starter
1108,2025-02-16,US,Paid Social,Starter
1109,2025-05-01,IN,Paid Search,Starter
1110,2025-02-28,IN,Paid Social,Free
1111,2025-11-12,US,Paid Social,Pro
1112,2025-04-05,IN,Partner,Free
1113,2025-10-17,UK,Referral,Pro
1114,2025-11-18,US,Paid Search,Free
1115,2025-03-15,IN,Paid Social,Starter
1116,2025-01-09,US,Organic,Enterprise
1117,2025-01-05,DE,Organic,Free
1118,2025-03-03,IN,Paid Social,Pro
1119,2025-05-14,UK,Partner,Free
1120,2025-02-25,US,Paid Social,Free
1121,2025-11-16,IN,Paid Search,Free
1122,2025-06-08,AU,Paid Social,Starter
1123,2025-10-11,IN,Paid Social,Free
1124,2025-01-06,US,Paid Search,Enterprise
1125,2025-02-14,IN,Paid Search,Free
1126,2025-06-03,IN,Referral,Free
1127,2025-02-24,US,Paid Search,Free
1128,2025-02-24,US,Partner,Free
1129,2025-01-09,US,Referral,Free
1130,2025-04-01,US,Referral,Free
1131,2025-09-12,US,Referral,Free
1132,2025-09-22,US,Partner,Free
1133,2025-06-19,US,Partner,Starter
1134,2025-03-03,DE,Paid Search,Free
1135,2025-05-31,US,Paid Search,Starter
1136,2025-07-26,UK,Paid Social,Free
1137,2025-02-19,US,Partner,Free
1138,2025-05-16,US,Paid Social,Free
1139,2025-10-02,DE,Organic,Free
1140,2025-05-20,CA,Organic,Pro
1141,2025-06-07,UK,Paid Search,Free
1142,2025-09-30,US,Referral,Free
1143,2025-08-13,UK,Referral,Free
1144,2025-02-23,IN,Paid Search,Pro
1145,2025-07-23,US,Paid Search,Starter
1146,2025-11-05,CA,Paid Search,Starter
1147,2025-03-12,AU,Organic,Pro
1148,2025-10-26,US,Organic,Free
1149,2025-07-15,IN,Paid Search,Starter
1150,2025-08-12,CA,Paid Search,Free
1151,2025-04-21,US,Referral,Starter
1152,2025-01-17,DE,Organic,Free
1153,2025-01-09,IN,Referral,Starter
1154,2025-08-10,UK,Organic,Free
1155,2025-11-25,IN,Paid Search,Free
1156,2025-07-20,US,Paid Social,Starter
1157,2025-04-30,CA,Organic,Enterprise
1158,2025-09-15,DE,Partner,Free
1159,2025-11-12,IN,Partner,Free
1160,2025-03-13,UK,Partner,Free
1161,2025-02-04,UK,Organic,Starter
1162,2025-11-15,US,Paid Social,Pro
1163,2025-01-16,UK,Paid Social,Free
1164,2025-10-23,UK,Referral,Free
1165,2025-02-18,IN,Organic,Free
1166,2025-02-08,IN,Organic,Enterprise
1167,2025-04-03,DE,Referral,Free
1168,2025-04-16,IN,Organic,Free
1169,2025-04-21,US,Organic,Pro
1170,2025-01-11,DE,Organic,Enterprise
1171,2025-10-13,CA,Paid Social,Pro
1172,2025-10-05,DE,Paid Search,Free
1173,2025-08-16,US,Paid Social,Free
1174,2025-11-02,CA,Referral,Starter
1175,2025-11-10,IN,Organic,Pro
1176,2025-11-27,US,Partner,Pro
1177,2025-05-06,US,Referral,Free
1178,2025-07-24,CA,Partner,Free
1179,2025-09-12,IN,Referral,Pro
1180,2025-08-11,US,Paid Search,Starter
1181,2025-09-22,IN,Organic,Starter
1182,2025-08-15,US,Partner,Enterprise
1183,2025-05-10,US,Paid Search,Enterprise
1184,2025-07-10,UK,Paid Search,Pro
1185,2025-03-08,AU,Paid Social,Starter
1186,2025-11-15,IN,Paid Social,Free
1187,2025-10-27,IN,Paid Social,Free
1188,2025-07-23,US,Paid Social,Free
1189,2025-09-14,DE,Paid Search,Starter
1190,2025-04-23,UK,Referral,Pro
1191,2025-05-08,US,Paid Search,Pro
1192,2025-06-21,DE,Organic,Pro
1193,2025-03-30,IN,Partner,Free
1194,2025-01-07,CA,Referral,Free
1195,2025-05-13,IN,Paid Social,Free
1196,2025-08-30,US,Organic,Starter
1197,2025-03-29,US,Organic,Enterprise
1198,2025-08-20,DE,Partner,Pro
1199,2025-07-20,US,Partner,Free
1200,2025-05-21,UK,Organic,Free
1201,2025-08-31,CA,Paid Social,Pro
1202,2025-10-12,US,Organic,Pro
1203,2025-11-14,DE,Paid Search,Pro
1204,2025-09-10,DE,Paid Social,Free
1205,2025-01-31,US,Paid Search,Free
1206,2025-04-23,US,Referral,Starter
1207,2025-06-26,IN,Partner,Pro
1208,2025-01-26,IN,Organic,Free
1209,2025-05-20,IN,Paid Social,Free
1210,2025-02-14,CA,Paid Search,Free
1211,2025-07-05,US,Organic,Free
1212,2025-03-03,US,Paid Search,Free
1213,2025-04-01,US,Paid Search,Pro
1214,2025-04-12,CA,Referral,Starter
1215,2025-11-22,US,Referral,Free
1216,2025-05-30,US,Organic,Free
1217,2025-07-05,US,Organic,Free
1218,2025-11-06,US,Partner,Pro
1219,2025-01-05,CA,Paid Search,Free
1220,2025-04-03,AU,Paid Social,Free
1221,2025-05-22,AU,Paid Search,Starter
1222,2025-10-28,IN,Referral,Enterprise
1223,2025-08-30,IN,Paid Search,Free
1224,2025-08-16,UK,Paid Social,Enterprise
1225,2025-05-07,IN,Organic,Free
1226,2025-10-13,US,Referral,Free
1227,2025-03-04,IN,Organic,Enterprise
1228,2025-05-15,US,Organic,Enterprise
1229,2025-04-30,CA,Paid Social,Free
1230,2025-01-02,IN,Referral,Starter
1231,2025-01-31,UK,Organic,Starter
1232,2025-09-20,CA,Organic,Free
1233,2025-11-12,IN,Organic,Pro
1234,2025-03-23,US,Paid Social,Starter
1235,2025-01-26,IN,Referral,Free
1236,2025-02-17,US,Organic,Free
1237,2025-01-20,US,Paid Search,Starter
1238,2025-09-25,US,Paid Search,Starter
1239,2025-01-17,US,Organic,Starter
1240,2025-08-18,IN,Paid Search,Starter
1241,2025-09-23,US,Organic,Free
1242,2025-03-12,US,Organic,Free
1243,2025-03-18,UK,Partner,Free
1244,2025-03-31,AU,Organic,Starter
1245,2025-09-11,DE,Paid Search,Free
1246,2025-11-10,US,Paid Social,Pro
1247,2025-09-10,US,Paid Search,Enterprise
1248,2025-03-31,IN,Organic,Free
1249,2025-08-28,US,Referral,Free
1250,2025-08-23,US,Organic,Free
1251,2025-05-22,US,Paid Search,Starter
1252,2025-02-13,CA,Partner,Pro
1253,2025-04-16,IN,Partner,Starter
1254,2025-09-30,DE,Partner,Free
1255,2025-06-22,UK,Paid Search,Starter
1256,2025-02-09,CA,Paid Social,Free
1257,2025-11-02,AU,Referral,Starter
1258,2025-06-22,UK,Organic,Free
1259,2025-04-27,US,Partner,Starter
1260,2025-01-12,US,Organic,Free
1261,2025-07-10,US,Paid Social,Starter
1262,2025-07-03,IN,Organic,Starter
1263,2025-02-20,UK,Organic,Starter
1264,2025-10-10,IN,Organic,Starter
1265,2025-06-18,US,Partner,Free
1266,2025-01-29,IN,Organic,Pro
1267,2025-03-07,US,Partner,Starter
1268,2025-04-02,IN,Organic,Starter
1269,2025-09-08,UK,Paid Search,Free
1270,2025-09-13,UK,Organic,Free
1271,2025-10-02,IN,Partner,Pro
1272,2025-07-23,UK,Organic,Pro
1273,2025-10-31,AU,Referral,Enterprise
1274,2025-04-15,US,Organic,Free
1275,2025-07-14,UK,Partner,Pro
1276,2025-07-30,US,Paid Social,Pro
1277,2025-05-03,US,Organic,Starter
1278,2025-06-01,US,Paid Search,Pro
1279,2025-08-24,CA,Organic,Pro
1280,2025-10-16,US,Paid Search,Free
1281,2025-11-04,DE,Organic,Free
1282,2025-04-08,US,Paid Social,Free
1283,2025-08-28,US,Paid Social,Starter
1284,2025-09-11,IN,Organic,Starter
1285,2025-11-10,US,Organic,Starter
1286,2025-08-01,CA,Partner,Pro
1287,2025-03-09,US,Organic,Pro
1288,2025-09-05,US,Paid Search,Free
1289,2025-02-26,US,Organic,Free
1290,2025-05-07,IN,Paid Search,Pro
1291,2025-06-13,US,Paid Search,Pro
1292,2025-08-31,IN,Paid Search,Free
1293,2025-02-26,IN,Paid Search,Starter
1294,2025-08-22,UK,Organic,Free
1295,2025-02-18,US,Referral,Starter
1296,2025-05-10,US,Organic,Enterprise
1297,2025-02-10,US,Paid Search,Free
1298,2025-01-09,US,Paid Search,Pro
1299,2025-04-19,IN,Organic,Free
1300,2025-11-18,US,Paid Social,Enterprise
1301,2025-07-07,IN,Organic,Pro
1302,2025-08-27,AU,Paid Search,Free
1303,2025-03-18,US,Paid Search,Starter
1304,2025-03-10,US,Organic,Pro
1305,2025-10-30,DE,Referral,Free
1306,2025-09-02,AU,Paid Search,Starter
1307,2025-06-13,US,Paid Search,Free
1308,2025-04-04,IN,Paid Search,Free
1309,2025-10-15,US,Referral,Free
1310,2025-06-06,US,Organic,Free
1311,2025-01-18,US,Referral,Enterprise
1312,2025-10-15,UK,Partner,Free
1313,2025-05-20,US,Organic,Free
1314,2025-05-30,US,Organic,Free
1315,2025-05-08,DE,Referral,Starter
1316,2025-04-07,CA,Organic,Enterprise
1317,2025-07-20,AU,Organic,Starter
1318,2025-04-13,DE,Organic,Pro
1319,2025-06-20,UK,Paid Social,Free
1320,2025-01-26,US,Partner,Starter
1321,2025-10-06,AU,Referral,Free
1322,2025-03-15,US,Paid Social,Pro
1323,2025-07-22,US,Paid Search,Starter
1324,2025-04-01,US,Partner,Free
1325,2025-03-03,US,Paid Social,Pro
1326,2025-02-27,US,Partner,Starter
1327,2025-08-24,AU,Paid Social,Free
1328,2025-01-22,DE,Paid Social,Free
1329,2025-09-24,US,Paid Social,Pro
1330,2025-06-05,US,Organic,Starter
1331,2025-06-01,US,Organic,Pro
1332,2025-03-13,CA,Organic,Free
1333,2025-04-30,UK,Partner,Starter
1334,2025-09-04,IN,Partner,Free
1335,2025-10-25,US,Paid Social,Starter
1336,2025-11-05,IN,Organic,Starter
1337,2025-07-27,IN,Organic,Pro
1338,2025-04-02,US,Paid Search,Pro
1339,2025-01-26,DE,Paid Search,Free
1340,2025-07-11,IN,Organic,Pro
1341,2025-07-04,AU,Organic,Free
1342,2025-06-19,US,Paid Social,Free
1343,2025-06-25,UK,Referral,Free
1344,2025-01-26,IN,Organic,Free
1345,2025-05-12,US,Organic,Pro
1346,2025-02-11,CA,Organic,Starter
1347,2025-10-13,US,Paid Search,Free
1348,2025-10-23,IN,Paid Social,Pro
1349,2025-10-03,DE,Paid Search,Enterprise
1350,2025-06-08,US,Referral,Starter
1351,2025-09-25,DE,Paid Search,Starter
1352,2025-09-26,AU,Organic,Pro
1353,2025-04-27,US,Referral,Free
1354,2025-01-23,CA,Referral,Enterprise
1355,2025-10-09,AU,Referral,Free
1356,2025-07-18,US,Organic,Free
1357,2025-05-30,CA,Organic,Pro
1358,2025-10-17,IN,Paid Search,Free
1359,2025-11-14,UK,Partner,Free
1360,2025-10-17,CA,Paid Social,Starter
1361,2025-01-05,US,Paid Social,Free
1362,2025-01-02,US,Paid Search,Free
1363,2025-06-13,IN,Partner,Free
1364,2025-06-24,DE,Organic,Free
1365,2025-03-20,IN,Paid Search,Starter
1366,2025-05-04,UK,Paid Social,Free
1367,2025-07-09,UK,Referral,Free
1368,2025-09-11,UK,Referral,Pro
1369,2025-09-10,DE,Paid Search,Free
1370,2025-01-25,US,Organic,Free
1371,2025-05-08,CA,Partner,Pro
1372,2025-03-30,CA,Paid Search,Free
1373,2025-04-07,AU,Organic,Free
1374,2025-09-29,US,Organic,Free
1375,2025-05-24,US,Referral,Free
1376,2025-06-06,US,Referral,Free
1377,2025-11-23,US,Paid Search,Free
1378,2025-06-01,IN,Paid Search,Free
1379,2025-09-09,DE,Paid Social,Free
1380,2025-11-20,DE,Partner,Starter
1381,2025-11-23,US,Paid Search,Free
1382,2025-04-17,US,Referral,Free
1383,2025-05-15,CA,Referral,Free
1384,2025-01-14,IN,Paid Social,Free
1385,2025-09-07,CA,Paid Search,Free
1386,2025-05-11,UK,Organic,Starter
1387,2025-01-05,US,Paid Social,Pro
1388,2025-02-21,US,Referral,Pro
1389,2025-03-01,UK,Partner,Free
1390,2025-01-28,CA,Organic,Pro
1391,2025-01-24,US,Organic,Pro
1392,2025-07-09,US,Paid Social,Starter
1393,2025-03-20,AU,Referral,Pro
1394,2025-11-15,US,Organic,Free
1395,2025-07-10,UK,Paid Social,Starter
1396,2025-07-13,US,Organic,Starter
1397,2025-06-24,DE,Partner,Starter
1398,2025-08-05,US,Paid Search,Starter
1399,2025-09-19,CA,Organic,Free
1400,2025-04-19,IN,Referral,Pro
1401,2025-07-24,DE,Organic,Free
1402,2025-07-10,DE,Paid Search,Free
1403,2025-08-18,US,Organic,Starter
1404,2025-09-09,IN,Paid Search,Pro
1405,2025-09-13,US,Organic,Free
1406,2025-07-16,IN,Organic,Starter
1407,2025-01-24,IN,Paid Search,Free
1408,2025-09-26,AU,Organic,Free
1409,2025-11-20,IN,Paid Social,Free
1410,2025-07-03,UK,Partner,Starter
1411,2025-05-27,DE,Paid Search,Free
1412,2025-03-08,US,Organic,Pro
1413,2025-06-03,IN,Partner,Free
1414,2025-07-14,IN,Organic,Free
1415,2025-09-16,US,Paid Search,Free
1416,2025-06-13,US,Paid Search,Free
1417,2025-03-02,UK,Paid Social,Pro
1418,2025-02-25,DE,Paid Search,Enterprise
1419,2025-06-28,US,Paid Search,Pro
1420,2025-07-26,IN,Paid Social,Free
1421,2025-10-22,US,Paid Search,Pro
1422,2025-09-30,IN,Organic,Free
1423,2025-07-13,DE,Paid Search,Free
1424,2025-02-15,CA,Paid Search,Starter
1425,2025-10-03,US,Organic,Free
1426,2025-07-02,US,Paid Social,Free
1427,2025-10-09,US,Paid Search,Enterprise
1428,2025-09-03,UK,Paid Search,Free
1429,2025-04-16,DE,Paid Social,Pro
1430,2025-05-15,IN,Referral,Free
1431,2025-05-18,US,Paid Social,Free
1432,2025-04-01,IN,Paid Search,Free
1433,2025-09-15,US,Partner,Free
1434,2025-05-05,IN,Organic,Free
1435,2025-08-21,IN,Referral,Free
1436,2025-06-30,US,Paid Search,Free
1437,2025-05-17,IN,Paid Search,Free
1438,2025-08-18,AU,Referral,Free
1439,2025-02-28,AU,Paid Social,Enterprise
1440,2025-07-06,IN,Partner,Pro
1441,2025-02-19,UK,Referral,Starter
1442,2025-02-05,CA,Organic,Free
1443,2025-10-05,US,Paid Search,Starter
1444,2025-10-01,IN,Referral,Starter
1445,2025-08-14,IN,Organic,Starter
1446,2025-11-05,US,Paid Search,Free
1447,2025-07-22,DE,Partner,Free
1448,2025-02-03,US,Organic,Free
1449,2025-05-09,US,Organic,Free
1450,2025-03-25,US,Organic,Pro
1451,2025-08-29,UK,Paid Search,Free
1452,2025-02-28,US,Organic,Starter
1453,2025-07-21,US,Paid Search,Pro
1454,2025-10-11,US,Referral,Starter
1455,2025-03-03,US,Paid Search,Free
1456,2025-11-01,DE,Paid Social,Free
1457,2025-08-24,US,Organic,Pro
1458,2025-01-15,CA,Organic,Free
1459,2025-06-28,UK,Partner,Free
1460,2025-04-22,US,Paid Search,Starter
1461,2025-08-22,US,Partner,Pro
1462,2025-03-06,IN,Paid Search,Pro
1463,2025-06-14,IN,Paid Social,Starter
1464,2025-06-06,IN,Paid Social,Starter
1465,2025-06-16,US,Organic,Free
1466,2025-11-04,DE,Organic,Free
1467,2025-11-11,CA,Paid Search,Starter
1468,2025-01-24,US,Organic,Free
1469,2025-09-20,CA,Organic,Pro
1470,2025-02-27,IN,Organic,Free
1471,2025-02-22,IN,Organic,Free
1472,2025-06-12,US,Paid Search,Enterprise
1473,2025-11-22,US,Organic,Free
1474,2025-06-25,IN,Paid Search,Starter
1475,2025-07-15,IN,Paid Search,Free
1476,2025-09-06,CA,Paid Social,Enterprise
1477,2025-06-09,US,Organic,Free
1478,2025-05-27,UK,Partner,Starter
1479,2025-08-21,AU,Paid Search,Pro
1480,2025-02-17,CA,Partner,Free
1481,2025-10-21,US,Organic,Free
1482,2025-04-29,US,Organic,Free
1483,2025-07-16,US,Organic,Free
1484,2025-11-25,US,Partner,Pro
1485,2025-09-12,US,Paid Search,Starter
1486,2025-09-08,IN,Referral,Pro
1487,2025-09-30,US,Paid Social,Starter
1488,2025-02-08,DE,Organic,Starter
1489,2025-05-28,IN,Paid Search,Free
1490,2025-09-27,US,Paid Search,Free
1491,2025-03-29,UK,Paid Search,Enterprise
1492,2025-04-14,US,Paid Social,Enterprise
1493,2025-10-21,AU,Organic,Free
1494,2025-09-18,AU,Partner,Pro
1495,2025-03-25,DE,Paid Search,Starter
1496,2025-01-05,CA,Paid Search,Free
1497,2025-06-11,IN,Paid Social,Free
1498,2025-10-19,IN,Organic,Starter
1499,2025-07-02,UK,Paid Social,Enterprise
1500,2025-02-24,AU,Paid Search,Enterprise
